2026-05-11 09:19:13,577 - apscheduler.scheduler - INFO - Adding job tentatively -- it will be properly scheduled when the scheduler starts
2026-05-11 09:19:14,235 - httpx - INFO - HTTP Request: POST https://api.telegram.org/botMASUKKAN_TOKEN_BOT_KAMU_DI_SINI/getMe "HTTP/1.1 404 Not Found"
2026-05-11 09:19:14,237 - telegram.ext - ERROR - Network Retry Loop (Bootstrap Initialize Application): Invalid token. Aborting retry loop.
Traceback (most recent call last):
  File "C:\Users\User\AppData\Local\Python\pythoncore-3.14-64\Lib\site-packages\telegram\_bot.py", line 857, in initialize
    await self.get_me()
  File "C:\Users\User\AppData\Local\Python\pythoncore-3.14-64\Lib\site-packages\telegram\ext\_extbot.py", line 2008, in get_me
    return await super().get_me(
           ^^^^^^^^^^^^^^^^^^^^^
    ...<5 lines>...
    )
    ^
  File "C:\Users\User\AppData\Local\Python\pythoncore-3.14-64\Lib\site-packages\telegram\_bot.py", line 990, in get_me
    result = await self._post(
             ^^^^^^^^^^^^^^^^^
    ...<6 lines>...
    )
    ^
  File "C:\Users\User\AppData\Local\Python\pythoncore-3.14-64\Lib\site-packages\telegram\_bot.py", line 704, in _post
    return await self._do_post(
           ^^^^^^^^^^^^^^^^^^^^
    ...<6 lines>...
    )
    ^
  File "C:\Users\User\AppData\Local\Python\pythoncore-3.14-64\Lib\site-packages\telegram\ext\_extbot.py", line 370, in _do_post
    return await super()._do_post(
           ^^^^^^^^^^^^^^^^^^^^^^^
    ...<6 lines>...
    )
    ^
  File "C:\Users\User\AppData\Local\Python\pythoncore-3.14-64\Lib\site-packages\telegram\_bot.py", line 733, in _do_post
    result = await request.post(
             ^^^^^^^^^^^^^^^^^^^
    ...<6 lines>...
    )
    ^
  File "C:\Users\User\AppData\Local\Python\pythoncore-3.14-64\Lib\site-packages\telegram\request\_baserequest.py", line 198, in post
    result = await self._request_wrapper(
             ^^^^^^^^^^^^^^^^^^^^^^^^^^^^
    ...<7 lines>...
    )
    ^
  File "C:\Users\User\AppData\Local\Python\pythoncore-3.14-64\Lib\site-packages\telegram\request\_baserequest.py", line 375, in _request_wrapper
    raise exception
telegram.error.InvalidToken: Not Found

The above exception was the direct cause of the following exception:

Traceback (most recent call last):
  File "C:\Users\User\AppData\Local\Python\pythoncore-3.14-64\Lib\site-packages\telegram\ext\_utils\networkloop.py", line 161, in network_retry_loop
    await do_action()
  File "C:\Users\User\AppData\Local\Python\pythoncore-3.14-64\Lib\site-packages\telegram\ext\_utils\networkloop.py", line 136, in do_action
    await action_cb()
  File "C:\Users\User\AppData\Local\Python\pythoncore-3.14-64\Lib\site-packages\telegram\ext\_application.py", line 489, in initialize
    await self.bot.initialize()
  File "C:\Users\User\AppData\Local\Python\pythoncore-3.14-64\Lib\site-packages\telegram\ext\_extbot.py", line 316, in initialize
    await super().initialize()
  File "C:\Users\User\AppData\Local\Python\pythoncore-3.14-64\Lib\site-packages\telegram\_bot.py", line 860, in initialize
    raise InvalidToken(f"The token `{self._token}` was rejected by the server.") from exc
telegram.error.InvalidToken: The token `MASUKKAN_TOKEN_BOT_KAMU_DI_SINI` was rejected by the server.
2026-05-11 09:21:43,207 - apscheduler.scheduler - INFO - Adding job tentatively -- it will be properly scheduled when the scheduler starts
2026-05-11 09:21:43,768 - httpx - INFO - HTTP Request: POST https://api.telegram.org/bot8763806870:AAF9ulkIJmeGxlRzDIl4ikWrPYlcKBhZZLk/getMe "HTTP/1.1 200 OK"
2026-05-11 09:21:43,953 - httpx - INFO - HTTP Request: POST https://api.telegram.org/bot8763806870:AAF9ulkIJmeGxlRzDIl4ikWrPYlcKBhZZLk/deleteWebhook "HTTP/1.1 200 OK"
2026-05-11 09:21:43,956 - apscheduler.scheduler - INFO - Added job "daily_scan" to job store "default"
2026-05-11 09:21:43,956 - apscheduler.scheduler - INFO - Scheduler started
2026-05-11 09:21:43,956 - telegram.ext.Application - INFO - Application started
2026-05-11 09:21:54,519 - httpx - INFO - HTTP Request: POST https://api.telegram.org/bot8763806870:AAF9ulkIJmeGxlRzDIl4ikWrPYlcKBhZZLk/getUpdates "HTTP/1.1 200 OK"
2026-05-11 09:22:01,990 - httpx - INFO - HTTP Request: POST https://api.telegram.org/bot8763806870:AAF9ulkIJmeGxlRzDIl4ikWrPYlcKBhZZLk/getUpdates "HTTP/1.1 200 OK"
2026-05-11 09:22:03,564 - httpx - INFO - HTTP Request: POST https://api.telegram.org/bot8763806870:AAF9ulkIJmeGxlRzDIl4ikWrPYlcKBhZZLk/getUpdates "HTTP/1.1 200 OK"
2026-05-11 09:22:04,351 - httpx - INFO - HTTP Request: POST https://api.telegram.org/bot8763806870:AAF9ulkIJmeGxlRzDIl4ikWrPYlcKBhZZLk/sendMessage "HTTP/1.1 200 OK"
2026-05-11 09:22:13,753 - httpx - INFO - HTTP Request: POST https://api.telegram.org/bot8763806870:AAF9ulkIJmeGxlRzDIl4ikWrPYlcKBhZZLk/getUpdates "HTTP/1.1 200 OK"
2026-05-11 09:22:23,941 - httpx - INFO - HTTP Request: POST https://api.telegram.org/bot8763806870:AAF9ulkIJmeGxlRzDIl4ikWrPYlcKBhZZLk/getUpdates "HTTP/1.1 200 OK"
2026-05-11 09:22:34,127 - httpx - INFO - HTTP Request: POST https://api.telegram.org/bot8763806870:AAF9ulkIJmeGxlRzDIl4ikWrPYlcKBhZZLk/getUpdates "HTTP/1.1 200 OK"
2026-05-11 09:22:44,315 - httpx - INFO - HTTP Request: POST https://api.telegram.org/bot8763806870:AAF9ulkIJmeGxlRzDIl4ikWrPYlcKBhZZLk/getUpdates "HTTP/1.1 200 OK"
2026-05-11 09:22:54,502 - httpx - INFO - HTTP Request: POST https://api.telegram.org/bot8763806870:AAF9ulkIJmeGxlRzDIl4ikWrPYlcKBhZZLk/getUpdates "HTTP/1.1 200 OK"
2026-05-11 09:23:04,690 - httpx - INFO - HTTP Request: POST https://api.telegram.org/bot8763806870:AAF9ulkIJmeGxlRzDIl4ikWrPYlcKBhZZLk/getUpdates "HTTP/1.1 200 OK"
2026-05-11 09:23:14,889 - httpx - INFO - HTTP Request: POST https://api.telegram.org/bot8763806870:AAF9ulkIJmeGxlRzDIl4ikWrPYlcKBhZZLk/getUpdates "HTTP/1.1 200 OK"
2026-05-11 09:23:25,077 - httpx - INFO - HTTP Request: POST https://api.telegram.org/bot8763806870:AAF9ulkIJmeGxlRzDIl4ikWrPYlcKBhZZLk/getUpdates "HTTP/1.1 200 OK"
2026-05-11 09:23:35,263 - httpx - INFO - HTTP Request: POST https://api.telegram.org/bot8763806870:AAF9ulkIJmeGxlRzDIl4ikWrPYlcKBhZZLk/getUpdates "HTTP/1.1 200 OK"
2026-05-11 09:23:45,451 - httpx - INFO - HTTP Request: POST https://api.telegram.org/bot8763806870:AAF9ulkIJmeGxlRzDIl4ikWrPYlcKBhZZLk/getUpdates "HTTP/1.1 200 OK"
2026-05-11 09:23:55,640 - httpx - INFO - HTTP Request: POST https://api.telegram.org/bot8763806870:AAF9ulkIJmeGxlRzDIl4ikWrPYlcKBhZZLk/getUpdates "HTTP/1.1 200 OK"
2026-05-11 09:24:05,827 - httpx - INFO - HTTP Request: POST https://api.telegram.org/bot8763806870:AAF9ulkIJmeGxlRzDIl4ikWrPYlcKBhZZLk/getUpdates "HTTP/1.1 200 OK"
2026-05-11 09:24:16,014 - httpx - INFO - HTTP Request: POST https://api.telegram.org/bot8763806870:AAF9ulkIJmeGxlRzDIl4ikWrPYlcKBhZZLk/getUpdates "HTTP/1.1 200 OK"
2026-05-11 09:24:26,202 - httpx - INFO - HTTP Request: POST https://api.telegram.org/bot8763806870:AAF9ulkIJmeGxlRzDIl4ikWrPYlcKBhZZLk/getUpdates "HTTP/1.1 200 OK"
2026-05-11 09:24:36,389 - httpx - INFO - HTTP Request: POST https://api.telegram.org/bot8763806870:AAF9ulkIJmeGxlRzDIl4ikWrPYlcKBhZZLk/getUpdates "HTTP/1.1 200 OK"
2026-05-11 09:24:46,577 - httpx - INFO - HTTP Request: POST https://api.telegram.org/bot8763806870:AAF9ulkIJmeGxlRzDIl4ikWrPYlcKBhZZLk/getUpdates "HTTP/1.1 200 OK"
2026-05-11 09:24:56,765 - httpx - INFO - HTTP Request: POST https://api.telegram.org/bot8763806870:AAF9ulkIJmeGxlRzDIl4ikWrPYlcKBhZZLk/getUpdates "HTTP/1.1 200 OK"
2026-05-11 09:25:06,952 - httpx - INFO - HTTP Request: POST https://api.telegram.org/bot8763806870:AAF9ulkIJmeGxlRzDIl4ikWrPYlcKBhZZLk/getUpdates "HTTP/1.1 200 OK"
2026-05-11 09:25:17,141 - httpx - INFO - HTTP Request: POST https://api.telegram.org/bot8763806870:AAF9ulkIJmeGxlRzDIl4ikWrPYlcKBhZZLk/getUpdates "HTTP/1.1 200 OK"
2026-05-11 09:25:27,329 - httpx - INFO - HTTP Request: POST https://api.telegram.org/bot8763806870:AAF9ulkIJmeGxlRzDIl4ikWrPYlcKBhZZLk/getUpdates "HTTP/1.1 200 OK"
2026-05-11 09:25:37,517 - httpx - INFO - HTTP Request: POST https://api.telegram.org/bot8763806870:AAF9ulkIJmeGxlRzDIl4ikWrPYlcKBhZZLk/getUpdates "HTTP/1.1 200 OK"
2026-05-11 09:25:47,705 - httpx - INFO - HTTP Request: POST https://api.telegram.org/bot8763806870:AAF9ulkIJmeGxlRzDIl4ikWrPYlcKBhZZLk/getUpdates "HTTP/1.1 200 OK"
2026-05-11 09:25:57,893 - httpx - INFO - HTTP Request: POST https://api.telegram.org/bot8763806870:AAF9ulkIJmeGxlRzDIl4ikWrPYlcKBhZZLk/getUpdates "HTTP/1.1 200 OK"
2026-05-11 09:26:08,082 - httpx - INFO - HTTP Request: POST https://api.telegram.org/bot8763806870:AAF9ulkIJmeGxlRzDIl4ikWrPYlcKBhZZLk/getUpdates "HTTP/1.1 200 OK"
2026-05-11 09:26:18,274 - httpx - INFO - HTTP Request: POST https://api.telegram.org/bot8763806870:AAF9ulkIJmeGxlRzDIl4ikWrPYlcKBhZZLk/getUpdates "HTTP/1.1 200 OK"
2026-05-11 09:26:28,466 - httpx - INFO - HTTP Request: POST https://api.telegram.org/bot8763806870:AAF9ulkIJmeGxlRzDIl4ikWrPYlcKBhZZLk/getUpdates "HTTP/1.1 200 OK"
2026-05-11 09:26:38,653 - httpx - INFO - HTTP Request: POST https://api.telegram.org/bot8763806870:AAF9ulkIJmeGxlRzDIl4ikWrPYlcKBhZZLk/getUpdates "HTTP/1.1 200 OK"
2026-05-11 09:26:48,845 - httpx - INFO - HTTP Request: POST https://api.telegram.org/bot8763806870:AAF9ulkIJmeGxlRzDIl4ikWrPYlcKBhZZLk/getUpdates "HTTP/1.1 200 OK"
2026-05-11 09:26:59,032 - httpx - INFO - HTTP Request: POST https://api.telegram.org/bot8763806870:AAF9ulkIJmeGxlRzDIl4ikWrPYlcKBhZZLk/getUpdates "HTTP/1.1 200 OK"
2026-05-11 09:27:09,226 - httpx - INFO - HTTP Request: POST https://api.telegram.org/bot8763806870:AAF9ulkIJmeGxlRzDIl4ikWrPYlcKBhZZLk/getUpdates "HTTP/1.1 200 OK"
2026-05-11 09:27:19,414 - httpx - INFO - HTTP Request: POST https://api.telegram.org/bot8763806870:AAF9ulkIJmeGxlRzDIl4ikWrPYlcKBhZZLk/getUpdates "HTTP/1.1 200 OK"
2026-05-11 09:27:29,602 - httpx - INFO - HTTP Request: POST https://api.telegram.org/bot8763806870:AAF9ulkIJmeGxlRzDIl4ikWrPYlcKBhZZLk/getUpdates "HTTP/1.1 200 OK"
2026-05-11 09:27:39,792 - httpx - INFO - HTTP Request: POST https://api.telegram.org/bot8763806870:AAF9ulkIJmeGxlRzDIl4ikWrPYlcKBhZZLk/getUpdates "HTTP/1.1 200 OK"
2026-05-11 09:27:49,984 - httpx - INFO - HTTP Request: POST https://api.telegram.org/bot8763806870:AAF9ulkIJmeGxlRzDIl4ikWrPYlcKBhZZLk/getUpdates "HTTP/1.1 200 OK"
2026-05-11 09:28:00,174 - httpx - INFO - HTTP Request: POST https://api.telegram.org/bot8763806870:AAF9ulkIJmeGxlRzDIl4ikWrPYlcKBhZZLk/getUpdates "HTTP/1.1 200 OK"
2026-05-11 09:28:10,362 - httpx - INFO - HTTP Request: POST https://api.telegram.org/bot8763806870:AAF9ulkIJmeGxlRzDIl4ikWrPYlcKBhZZLk/getUpdates "HTTP/1.1 200 OK"
2026-05-11 09:28:20,549 - httpx - INFO - HTTP Request: POST https://api.telegram.org/bot8763806870:AAF9ulkIJmeGxlRzDIl4ikWrPYlcKBhZZLk/getUpdates "HTTP/1.1 200 OK"
2026-05-11 09:28:30,740 - httpx - INFO - HTTP Request: POST https://api.telegram.org/bot8763806870:AAF9ulkIJmeGxlRzDIl4ikWrPYlcKBhZZLk/getUpdates "HTTP/1.1 200 OK"
2026-05-11 09:28:40,927 - httpx - INFO - HTTP Request: POST https://api.telegram.org/bot8763806870:AAF9ulkIJmeGxlRzDIl4ikWrPYlcKBhZZLk/getUpdates "HTTP/1.1 200 OK"
2026-05-11 09:28:51,115 - httpx - INFO - HTTP Request: POST https://api.telegram.org/bot8763806870:AAF9ulkIJmeGxlRzDIl4ikWrPYlcKBhZZLk/getUpdates "HTTP/1.1 200 OK"
2026-05-11 09:29:01,302 - httpx - INFO - HTTP Request: POST https://api.telegram.org/bot8763806870:AAF9ulkIJmeGxlRzDIl4ikWrPYlcKBhZZLk/getUpdates "HTTP/1.1 200 OK"
2026-05-11 09:29:11,493 - httpx - INFO - HTTP Request: POST https://api.telegram.org/bot8763806870:AAF9ulkIJmeGxlRzDIl4ikWrPYlcKBhZZLk/getUpdates "HTTP/1.1 200 OK"
2026-05-11 09:29:21,680 - httpx - INFO - HTTP Request: POST https://api.telegram.org/bot8763806870:AAF9ulkIJmeGxlRzDIl4ikWrPYlcKBhZZLk/getUpdates "HTTP/1.1 200 OK"
2026-05-11 09:29:31,868 - httpx - INFO - HTTP Request: POST https://api.telegram.org/bot8763806870:AAF9ulkIJmeGxlRzDIl4ikWrPYlcKBhZZLk/getUpdates "HTTP/1.1 200 OK"
2026-05-11 09:29:42,060 - httpx - INFO - HTTP Request: POST https://api.telegram.org/bot8763806870:AAF9ulkIJmeGxlRzDIl4ikWrPYlcKBhZZLk/getUpdates "HTTP/1.1 200 OK"
2026-05-11 09:29:52,249 - httpx - INFO - HTTP Request: POST https://api.telegram.org/bot8763806870:AAF9ulkIJmeGxlRzDIl4ikWrPYlcKBhZZLk/getUpdates "HTTP/1.1 200 OK"
2026-05-11 09:30:02,437 - httpx - INFO - HTTP Request: POST https://api.telegram.org/bot8763806870:AAF9ulkIJmeGxlRzDIl4ikWrPYlcKBhZZLk/getUpdates "HTTP/1.1 200 OK"
2026-05-11 09:30:12,624 - httpx - INFO - HTTP Request: POST https://api.telegram.org/bot8763806870:AAF9ulkIJmeGxlRzDIl4ikWrPYlcKBhZZLk/getUpdates "HTTP/1.1 200 OK"
2026-05-11 09:30:22,813 - httpx - INFO - HTTP Request: POST https://api.telegram.org/bot8763806870:AAF9ulkIJmeGxlRzDIl4ikWrPYlcKBhZZLk/getUpdates "HTTP/1.1 200 OK"
2026-05-11 09:30:33,000 - httpx - INFO - HTTP Request: POST https://api.telegram.org/bot8763806870:AAF9ulkIJmeGxlRzDIl4ikWrPYlcKBhZZLk/getUpdates "HTTP/1.1 200 OK"
2026-05-11 09:30:43,188 - httpx - INFO - HTTP Request: POST https://api.telegram.org/bot8763806870:AAF9ulkIJmeGxlRzDIl4ikWrPYlcKBhZZLk/getUpdates "HTTP/1.1 200 OK"
2026-05-11 09:30:53,376 - httpx - INFO - HTTP Request: POST https://api.telegram.org/bot8763806870:AAF9ulkIJmeGxlRzDIl4ikWrPYlcKBhZZLk/getUpdates "HTTP/1.1 200 OK"
2026-05-11 09:31:03,564 - httpx - INFO - HTTP Request: POST https://api.telegram.org/bot8763806870:AAF9ulkIJmeGxlRzDIl4ikWrPYlcKBhZZLk/getUpdates "HTTP/1.1 200 OK"
2026-05-11 09:31:13,752 - httpx - INFO - HTTP Request: POST https://api.telegram.org/bot8763806870:AAF9ulkIJmeGxlRzDIl4ikWrPYlcKBhZZLk/getUpdates "HTTP/1.1 200 OK"
2026-05-11 09:31:23,943 - httpx - INFO - HTTP Request: POST https://api.telegram.org/bot8763806870:AAF9ulkIJmeGxlRzDIl4ikWrPYlcKBhZZLk/getUpdates "HTTP/1.1 200 OK"
2026-05-11 09:31:34,130 - httpx - INFO - HTTP Request: POST https://api.telegram.org/bot8763806870:AAF9ulkIJmeGxlRzDIl4ikWrPYlcKBhZZLk/getUpdates "HTTP/1.1 200 OK"
2026-05-11 09:31:44,317 - httpx - INFO - HTTP Request: POST https://api.telegram.org/bot8763806870:AAF9ulkIJmeGxlRzDIl4ikWrPYlcKBhZZLk/getUpdates "HTTP/1.1 200 OK"
2026-05-11 09:31:54,506 - httpx - INFO - HTTP Request: POST https://api.telegram.org/bot8763806870:AAF9ulkIJmeGxlRzDIl4ikWrPYlcKBhZZLk/getUpdates "HTTP/1.1 200 OK"
2026-05-11 09:32:04,695 - httpx - INFO - HTTP Request: POST https://api.telegram.org/bot8763806870:AAF9ulkIJmeGxlRzDIl4ikWrPYlcKBhZZLk/getUpdates "HTTP/1.1 200 OK"
2026-05-11 09:32:14,882 - httpx - INFO - HTTP Request: POST https://api.telegram.org/bot8763806870:AAF9ulkIJmeGxlRzDIl4ikWrPYlcKBhZZLk/getUpdates "HTTP/1.1 200 OK"
2026-05-11 09:32:25,073 - httpx - INFO - HTTP Request: POST https://api.telegram.org/bot8763806870:AAF9ulkIJmeGxlRzDIl4ikWrPYlcKBhZZLk/getUpdates "HTTP/1.1 200 OK"
2026-05-11 09:32:35,262 - httpx - INFO - HTTP Request: POST https://api.telegram.org/bot8763806870:AAF9ulkIJmeGxlRzDIl4ikWrPYlcKBhZZLk/getUpdates "HTTP/1.1 200 OK"
2026-05-11 09:32:45,450 - httpx - INFO - HTTP Request: POST https://api.telegram.org/bot8763806870:AAF9ulkIJmeGxlRzDIl4ikWrPYlcKBhZZLk/getUpdates "HTTP/1.1 200 OK"
2026-05-11 09:32:55,636 - httpx - INFO - HTTP Request: POST https://api.telegram.org/bot8763806870:AAF9ulkIJmeGxlRzDIl4ikWrPYlcKBhZZLk/getUpdates "HTTP/1.1 200 OK"
2026-05-11 09:33:05,823 - httpx - INFO - HTTP Request: POST https://api.telegram.org/bot8763806870:AAF9ulkIJmeGxlRzDIl4ikWrPYlcKBhZZLk/getUpdates "HTTP/1.1 200 OK"
2026-05-11 09:33:16,011 - httpx - INFO - HTTP Request: POST https://api.telegram.org/bot8763806870:AAF9ulkIJmeGxlRzDIl4ikWrPYlcKBhZZLk/getUpdates "HTTP/1.1 200 OK"
2026-05-11 09:33:26,197 - httpx - INFO - HTTP Request: POST https://api.telegram.org/bot8763806870:AAF9ulkIJmeGxlRzDIl4ikWrPYlcKBhZZLk/getUpdates "HTTP/1.1 200 OK"
2026-05-11 09:33:36,390 - httpx - INFO - HTTP Request: POST https://api.telegram.org/bot8763806870:AAF9ulkIJmeGxlRzDIl4ikWrPYlcKBhZZLk/getUpdates "HTTP/1.1 200 OK"
2026-05-11 09:33:46,578 - httpx - INFO - HTTP Request: POST https://api.telegram.org/bot8763806870:AAF9ulkIJmeGxlRzDIl4ikWrPYlcKBhZZLk/getUpdates "HTTP/1.1 200 OK"
2026-05-11 09:33:56,768 - httpx - INFO - HTTP Request: POST https://api.telegram.org/bot8763806870:AAF9ulkIJmeGxlRzDIl4ikWrPYlcKBhZZLk/getUpdates "HTTP/1.1 200 OK"
2026-05-11 09:34:06,955 - httpx - INFO - HTTP Request: POST https://api.telegram.org/bot8763806870:AAF9ulkIJmeGxlRzDIl4ikWrPYlcKBhZZLk/getUpdates "HTTP/1.1 200 OK"
2026-05-11 09:34:17,153 - httpx - INFO - HTTP Request: POST https://api.telegram.org/bot8763806870:AAF9ulkIJmeGxlRzDIl4ikWrPYlcKBhZZLk/getUpdates "HTTP/1.1 200 OK"
2026-05-11 09:34:27,342 - httpx - INFO - HTTP Request: POST https://api.telegram.org/bot8763806870:AAF9ulkIJmeGxlRzDIl4ikWrPYlcKBhZZLk/getUpdates "HTTP/1.1 200 OK"
2026-05-11 09:34:37,528 - httpx - INFO - HTTP Request: POST https://api.telegram.org/bot8763806870:AAF9ulkIJmeGxlRzDIl4ikWrPYlcKBhZZLk/getUpdates "HTTP/1.1 200 OK"
2026-05-11 09:34:47,716 - httpx - INFO - HTTP Request: POST https://api.telegram.org/bot8763806870:AAF9ulkIJmeGxlRzDIl4ikWrPYlcKBhZZLk/getUpdates "HTTP/1.1 200 OK"
2026-05-11 09:34:57,905 - httpx - INFO - HTTP Request: POST https://api.telegram.org/bot8763806870:AAF9ulkIJmeGxlRzDIl4ikWrPYlcKBhZZLk/getUpdates "HTTP/1.1 200 OK"
2026-05-11 09:35:08,096 - httpx - INFO - HTTP Request: POST https://api.telegram.org/bot8763806870:AAF9ulkIJmeGxlRzDIl4ikWrPYlcKBhZZLk/getUpdates "HTTP/1.1 200 OK"
2026-05-11 09:35:18,285 - httpx - INFO - HTTP Request: POST https://api.telegram.org/bot8763806870:AAF9ulkIJmeGxlRzDIl4ikWrPYlcKBhZZLk/getUpdates "HTTP/1.1 200 OK"
2026-05-11 09:35:28,474 - httpx - INFO - HTTP Request: POST https://api.telegram.org/bot8763806870:AAF9ulkIJmeGxlRzDIl4ikWrPYlcKBhZZLk/getUpdates "HTTP/1.1 200 OK"
2026-05-11 09:35:38,662 - httpx - INFO - HTTP Request: POST https://api.telegram.org/bot8763806870:AAF9ulkIJmeGxlRzDIl4ikWrPYlcKBhZZLk/getUpdates "HTTP/1.1 200 OK"
2026-05-11 09:35:48,851 - httpx - INFO - HTTP Request: POST https://api.telegram.org/bot8763806870:AAF9ulkIJmeGxlRzDIl4ikWrPYlcKBhZZLk/getUpdates "HTTP/1.1 200 OK"
2026-05-11 09:35:59,041 - httpx - INFO - HTTP Request: POST https://api.telegram.org/bot8763806870:AAF9ulkIJmeGxlRzDIl4ikWrPYlcKBhZZLk/getUpdates "HTTP/1.1 200 OK"
2026-05-11 09:36:09,231 - httpx - INFO - HTTP Request: POST https://api.telegram.org/bot8763806870:AAF9ulkIJmeGxlRzDIl4ikWrPYlcKBhZZLk/getUpdates "HTTP/1.1 200 OK"
2026-05-11 09:36:19,418 - httpx - INFO - HTTP Request: POST https://api.telegram.org/bot8763806870:AAF9ulkIJmeGxlRzDIl4ikWrPYlcKBhZZLk/getUpdates "HTTP/1.1 200 OK"
2026-05-11 09:36:29,607 - httpx - INFO - HTTP Request: POST https://api.telegram.org/bot8763806870:AAF9ulkIJmeGxlRzDIl4ikWrPYlcKBhZZLk/getUpdates "HTTP/1.1 200 OK"
2026-05-11 09:36:39,798 - httpx - INFO - HTTP Request: POST https://api.telegram.org/bot8763806870:AAF9ulkIJmeGxlRzDIl4ikWrPYlcKBhZZLk/getUpdates "HTTP/1.1 200 OK"
2026-05-11 09:36:49,984 - httpx - INFO - HTTP Request: POST https://api.telegram.org/bot8763806870:AAF9ulkIJmeGxlRzDIl4ikWrPYlcKBhZZLk/getUpdates "HTTP/1.1 200 OK"
2026-05-11 09:37:00,172 - httpx - INFO - HTTP Request: POST https://api.telegram.org/bot8763806870:AAF9ulkIJmeGxlRzDIl4ikWrPYlcKBhZZLk/getUpdates "HTTP/1.1 200 OK"
2026-05-11 09:37:10,359 - httpx - INFO - HTTP Request: POST https://api.telegram.org/bot8763806870:AAF9ulkIJmeGxlRzDIl4ikWrPYlcKBhZZLk/getUpdates "HTTP/1.1 200 OK"
2026-05-11 09:37:20,546 - httpx - INFO - HTTP Request: POST https://api.telegram.org/bot8763806870:AAF9ulkIJmeGxlRzDIl4ikWrPYlcKBhZZLk/getUpdates "HTTP/1.1 200 OK"
2026-05-11 09:37:30,743 - httpx - INFO - HTTP Request: POST https://api.telegram.org/bot8763806870:AAF9ulkIJmeGxlRzDIl4ikWrPYlcKBhZZLk/getUpdates "HTTP/1.1 200 OK"
2026-05-11 09:37:40,948 - httpx - INFO - HTTP Request: POST https://api.telegram.org/bot8763806870:AAF9ulkIJmeGxlRzDIl4ikWrPYlcKBhZZLk/getUpdates "HTTP/1.1 200 OK"
2026-05-11 09:37:51,136 - httpx - INFO - HTTP Request: POST https://api.telegram.org/bot8763806870:AAF9ulkIJmeGxlRzDIl4ikWrPYlcKBhZZLk/getUpdates "HTTP/1.1 200 OK"
2026-05-11 09:38:01,324 - httpx - INFO - HTTP Request: POST https://api.telegram.org/bot8763806870:AAF9ulkIJmeGxlRzDIl4ikWrPYlcKBhZZLk/getUpdates "HTTP/1.1 200 OK"
2026-05-11 09:38:11,512 - httpx - INFO - HTTP Request: POST https://api.telegram.org/bot8763806870:AAF9ulkIJmeGxlRzDIl4ikWrPYlcKBhZZLk/getUpdates "HTTP/1.1 200 OK"
2026-05-11 09:38:21,701 - httpx - INFO - HTTP Request: POST https://api.telegram.org/bot8763806870:AAF9ulkIJmeGxlRzDIl4ikWrPYlcKBhZZLk/getUpdates "HTTP/1.1 200 OK"
2026-05-11 09:38:31,892 - httpx - INFO - HTTP Request: POST https://api.telegram.org/bot8763806870:AAF9ulkIJmeGxlRzDIl4ikWrPYlcKBhZZLk/getUpdates "HTTP/1.1 200 OK"
2026-05-11 09:38:42,477 - httpx - INFO - HTTP Request: POST https://api.telegram.org/bot8763806870:AAF9ulkIJmeGxlRzDIl4ikWrPYlcKBhZZLk/getUpdates "HTTP/1.1 200 OK"
2026-05-11 09:38:52,738 - httpx - INFO - HTTP Request: POST https://api.telegram.org/bot8763806870:AAF9ulkIJmeGxlRzDIl4ikWrPYlcKBhZZLk/getUpdates "HTTP/1.1 200 OK"
2026-05-11 09:39:02,927 - httpx - INFO - HTTP Request: POST https://api.telegram.org/bot8763806870:AAF9ulkIJmeGxlRzDIl4ikWrPYlcKBhZZLk/getUpdates "HTTP/1.1 200 OK"
2026-05-11 09:39:13,181 - httpx - INFO - HTTP Request: POST https://api.telegram.org/bot8763806870:AAF9ulkIJmeGxlRzDIl4ikWrPYlcKBhZZLk/getUpdates "HTTP/1.1 200 OK"
2026-05-11 09:39:23,367 - httpx - INFO - HTTP Request: POST https://api.telegram.org/bot8763806870:AAF9ulkIJmeGxlRzDIl4ikWrPYlcKBhZZLk/getUpdates "HTTP/1.1 200 OK"
2026-05-11 09:39:33,551 - httpx - INFO - HTTP Request: POST https://api.telegram.org/bot8763806870:AAF9ulkIJmeGxlRzDIl4ikWrPYlcKBhZZLk/getUpdates "HTTP/1.1 200 OK"
2026-05-11 09:39:43,877 - httpx - INFO - HTTP Request: POST https://api.telegram.org/bot8763806870:AAF9ulkIJmeGxlRzDIl4ikWrPYlcKBhZZLk/getUpdates "HTTP/1.1 200 OK"
2026-05-11 09:39:54,074 - httpx - INFO - HTTP Request: POST https://api.telegram.org/bot8763806870:AAF9ulkIJmeGxlRzDIl4ikWrPYlcKBhZZLk/getUpdates "HTTP/1.1 200 OK"
2026-05-11 09:40:04,267 - httpx - INFO - HTTP Request: POST https://api.telegram.org/bot8763806870:AAF9ulkIJmeGxlRzDIl4ikWrPYlcKBhZZLk/getUpdates "HTTP/1.1 200 OK"
2026-05-11 09:40:14,623 - httpx - INFO - HTTP Request: POST https://api.telegram.org/bot8763806870:AAF9ulkIJmeGxlRzDIl4ikWrPYlcKBhZZLk/getUpdates "HTTP/1.1 200 OK"
2026-05-11 09:40:24,815 - httpx - INFO - HTTP Request: POST https://api.telegram.org/bot8763806870:AAF9ulkIJmeGxlRzDIl4ikWrPYlcKBhZZLk/getUpdates "HTTP/1.1 200 OK"
2026-05-11 09:40:35,004 - httpx - INFO - HTTP Request: POST https://api.telegram.org/bot8763806870:AAF9ulkIJmeGxlRzDIl4ikWrPYlcKBhZZLk/getUpdates "HTTP/1.1 200 OK"
2026-05-11 09:40:45,194 - httpx - INFO - HTTP Request: POST https://api.telegram.org/bot8763806870:AAF9ulkIJmeGxlRzDIl4ikWrPYlcKBhZZLk/getUpdates "HTTP/1.1 200 OK"
2026-05-11 09:40:55,389 - httpx - INFO - HTTP Request: POST https://api.telegram.org/bot8763806870:AAF9ulkIJmeGxlRzDIl4ikWrPYlcKBhZZLk/getUpdates "HTTP/1.1 200 OK"
2026-05-11 09:41:05,589 - httpx - INFO - HTTP Request: POST https://api.telegram.org/bot8763806870:AAF9ulkIJmeGxlRzDIl4ikWrPYlcKBhZZLk/getUpdates "HTTP/1.1 200 OK"
2026-05-11 09:41:15,780 - httpx - INFO - HTTP Request: POST https://api.telegram.org/bot8763806870:AAF9ulkIJmeGxlRzDIl4ikWrPYlcKBhZZLk/getUpdates "HTTP/1.1 200 OK"
2026-05-11 09:41:25,968 - httpx - INFO - HTTP Request: POST https://api.telegram.org/bot8763806870:AAF9ulkIJmeGxlRzDIl4ikWrPYlcKBhZZLk/getUpdates "HTTP/1.1 200 OK"
2026-05-11 09:41:36,157 - httpx - INFO - HTTP Request: POST https://api.telegram.org/bot8763806870:AAF9ulkIJmeGxlRzDIl4ikWrPYlcKBhZZLk/getUpdates "HTTP/1.1 200 OK"
2026-05-11 09:41:46,347 - httpx - INFO - HTTP Request: POST https://api.telegram.org/bot8763806870:AAF9ulkIJmeGxlRzDIl4ikWrPYlcKBhZZLk/getUpdates "HTTP/1.1 200 OK"
2026-05-11 09:41:56,542 - httpx - INFO - HTTP Request: POST https://api.telegram.org/bot8763806870:AAF9ulkIJmeGxlRzDIl4ikWrPYlcKBhZZLk/getUpdates "HTTP/1.1 200 OK"
2026-05-11 09:42:06,747 - httpx - INFO - HTTP Request: POST https://api.telegram.org/bot8763806870:AAF9ulkIJmeGxlRzDIl4ikWrPYlcKBhZZLk/getUpdates "HTTP/1.1 200 OK"
2026-05-11 09:42:16,940 - httpx - INFO - HTTP Request: POST https://api.telegram.org/bot8763806870:AAF9ulkIJmeGxlRzDIl4ikWrPYlcKBhZZLk/getUpdates "HTTP/1.1 200 OK"
2026-05-11 09:42:27,128 - httpx - INFO - HTTP Request: POST https://api.telegram.org/bot8763806870:AAF9ulkIJmeGxlRzDIl4ikWrPYlcKBhZZLk/getUpdates "HTTP/1.1 200 OK"
2026-05-11 09:42:37,319 - httpx - INFO - HTTP Request: POST https://api.telegram.org/bot8763806870:AAF9ulkIJmeGxlRzDIl4ikWrPYlcKBhZZLk/getUpdates "HTTP/1.1 200 OK"
2026-05-11 09:42:47,507 - httpx - INFO - HTTP Request: POST https://api.telegram.org/bot8763806870:AAF9ulkIJmeGxlRzDIl4ikWrPYlcKBhZZLk/getUpdates "HTTP/1.1 200 OK"
2026-05-11 09:42:57,697 - httpx - INFO - HTTP Request: POST https://api.telegram.org/bot8763806870:AAF9ulkIJmeGxlRzDIl4ikWrPYlcKBhZZLk/getUpdates "HTTP/1.1 200 OK"
2026-05-11 09:43:07,888 - httpx - INFO - HTTP Request: POST https://api.telegram.org/bot8763806870:AAF9ulkIJmeGxlRzDIl4ikWrPYlcKBhZZLk/getUpdates "HTTP/1.1 200 OK"
2026-05-11 09:43:18,075 - httpx - INFO - HTTP Request: POST https://api.telegram.org/bot8763806870:AAF9ulkIJmeGxlRzDIl4ikWrPYlcKBhZZLk/getUpdates "HTTP/1.1 200 OK"
2026-05-11 09:43:28,263 - httpx - INFO - HTTP Request: POST https://api.telegram.org/bot8763806870:AAF9ulkIJmeGxlRzDIl4ikWrPYlcKBhZZLk/getUpdates "HTTP/1.1 200 OK"
2026-05-11 09:43:38,449 - httpx - INFO - HTTP Request: POST https://api.telegram.org/bot8763806870:AAF9ulkIJmeGxlRzDIl4ikWrPYlcKBhZZLk/getUpdates "HTTP/1.1 200 OK"
2026-05-11 09:43:48,635 - httpx - INFO - HTTP Request: POST https://api.telegram.org/bot8763806870:AAF9ulkIJmeGxlRzDIl4ikWrPYlcKBhZZLk/getUpdates "HTTP/1.1 200 OK"
2026-05-11 09:43:58,873 - httpx - INFO - HTTP Request: POST https://api.telegram.org/bot8763806870:AAF9ulkIJmeGxlRzDIl4ikWrPYlcKBhZZLk/getUpdates "HTTP/1.1 200 OK"
2026-05-11 09:44:09,083 - httpx - INFO - HTTP Request: POST https://api.telegram.org/bot8763806870:AAF9ulkIJmeGxlRzDIl4ikWrPYlcKBhZZLk/getUpdates "HTTP/1.1 200 OK"
2026-05-11 09:44:19,271 - httpx - INFO - HTTP Request: POST https://api.telegram.org/bot8763806870:AAF9ulkIJmeGxlRzDIl4ikWrPYlcKBhZZLk/getUpdates "HTTP/1.1 200 OK"
2026-05-11 09:44:29,462 - httpx - INFO - HTTP Request: POST https://api.telegram.org/bot8763806870:AAF9ulkIJmeGxlRzDIl4ikWrPYlcKBhZZLk/getUpdates "HTTP/1.1 200 OK"
2026-05-11 09:44:39,649 - httpx - INFO - HTTP Request: POST https://api.telegram.org/bot8763806870:AAF9ulkIJmeGxlRzDIl4ikWrPYlcKBhZZLk/getUpdates "HTTP/1.1 200 OK"
2026-05-11 09:44:49,852 - httpx - INFO - HTTP Request: POST https://api.telegram.org/bot8763806870:AAF9ulkIJmeGxlRzDIl4ikWrPYlcKBhZZLk/getUpdates "HTTP/1.1 200 OK"
2026-05-11 09:45:00,059 - httpx - INFO - HTTP Request: POST https://api.telegram.org/bot8763806870:AAF9ulkIJmeGxlRzDIl4ikWrPYlcKBhZZLk/getUpdates "HTTP/1.1 200 OK"
2026-05-11 09:45:10,267 - httpx - INFO - HTTP Request: POST https://api.telegram.org/bot8763806870:AAF9ulkIJmeGxlRzDIl4ikWrPYlcKBhZZLk/getUpdates "HTTP/1.1 200 OK"
2026-05-11 09:45:12,305 - httpx - INFO - HTTP Request: POST https://api.telegram.org/bot8763806870:AAF9ulkIJmeGxlRzDIl4ikWrPYlcKBhZZLk/getUpdates "HTTP/1.1 409 Conflict"
2026-05-11 09:45:12,306 - telegram.ext.Application - ERROR - No error handlers are registered, logging exception.
Traceback (most recent call last):
  File "C:\Users\User\AppData\Local\Python\pythoncore-3.14-64\Lib\site-packages\telegram\ext\_utils\networkloop.py", line 161, in network_retry_loop
    await do_action()
  File "C:\Users\User\AppData\Local\Python\pythoncore-3.14-64\Lib\site-packages\telegram\ext\_utils\networkloop.py", line 154, in do_action
    action_cb_task.result()
    ~~~~~~~~~~~~~~~~~~~~~^^
  File "C:\Users\User\AppData\Local\Python\pythoncore-3.14-64\Lib\site-packages\telegram\ext\_updater.py", line 340, in polling_action_cb
    updates = await self.bot.get_updates(
              ^^^^^^^^^^^^^^^^^^^^^^^^^^^
    ...<3 lines>...
    )
    ^
  File "C:\Users\User\AppData\Local\Python\pythoncore-3.14-64\Lib\site-packages\telegram\ext\_extbot.py", line 672, in get_updates
    updates = await super().get_updates(
              ^^^^^^^^^^^^^^^^^^^^^^^^^^
    ...<9 lines>...
    )
    ^
  File "C:\Users\User\AppData\Local\Python\pythoncore-3.14-64\Lib\site-packages\telegram\_bot.py", line 4865, in get_updates
    await self._post(
    ^^^^^^^^^^^^^^^^^
    ...<7 lines>...
    ),
    ^
  File "C:\Users\User\AppData\Local\Python\pythoncore-3.14-64\Lib\site-packages\telegram\_bot.py", line 704, in _post
    return await self._do_post(
           ^^^^^^^^^^^^^^^^^^^^
    ...<6 lines>...
    )
    ^
  File "C:\Users\User\AppData\Local\Python\pythoncore-3.14-64\Lib\site-packages\telegram\ext\_extbot.py", line 370, in _do_post
    return await super()._do_post(
           ^^^^^^^^^^^^^^^^^^^^^^^
    ...<6 lines>...
    )
    ^
  File "C:\Users\User\AppData\Local\Python\pythoncore-3.14-64\Lib\site-packages\telegram\_bot.py", line 733, in _do_post
    result = await request.post(
             ^^^^^^^^^^^^^^^^^^^
    ...<6 lines>...
    )
    ^
  File "C:\Users\User\AppData\Local\Python\pythoncore-3.14-64\Lib\site-packages\telegram\request\_baserequest.py", line 198, in post
    result = await self._request_wrapper(
             ^^^^^^^^^^^^^^^^^^^^^^^^^^^^
    ...<7 lines>...
    )
    ^
  File "C:\Users\User\AppData\Local\Python\pythoncore-3.14-64\Lib\site-packages\telegram\request\_baserequest.py", line 375, in _request_wrapper
    raise exception
telegram.error.Conflict: Conflict: terminated by other getUpdates request; make sure that only one bot instance is running
2026-05-11 09:45:17,650 - httpx - INFO - HTTP Request: POST https://api.telegram.org/bot8763806870:AAF9ulkIJmeGxlRzDIl4ikWrPYlcKBhZZLk/getUpdates "HTTP/1.1 409 Conflict"
2026-05-11 09:45:17,651 - telegram.ext.Application - ERROR - No error handlers are registered, logging exception.
Traceback (most recent call last):
  File "C:\Users\User\AppData\Local\Python\pythoncore-3.14-64\Lib\site-packages\telegram\ext\_utils\networkloop.py", line 161, in network_retry_loop
    await do_action()
  File "C:\Users\User\AppData\Local\Python\pythoncore-3.14-64\Lib\site-packages\telegram\ext\_utils\networkloop.py", line 154, in do_action
    action_cb_task.result()
    ~~~~~~~~~~~~~~~~~~~~~^^
  File "C:\Users\User\AppData\Local\Python\pythoncore-3.14-64\Lib\site-packages\telegram\ext\_updater.py", line 340, in polling_action_cb
    updates = await self.bot.get_updates(
              ^^^^^^^^^^^^^^^^^^^^^^^^^^^
    ...<3 lines>...
    )
    ^
  File "C:\Users\User\AppData\Local\Python\pythoncore-3.14-64\Lib\site-packages\telegram\ext\_extbot.py", line 672, in get_updates
    updates = await super().get_updates(
              ^^^^^^^^^^^^^^^^^^^^^^^^^^
    ...<9 lines>...
    )
    ^
  File "C:\Users\User\AppData\Local\Python\pythoncore-3.14-64\Lib\site-packages\telegram\_bot.py", line 4865, in get_updates
    await self._post(
    ^^^^^^^^^^^^^^^^^
    ...<7 lines>...
    ),
    ^
  File "C:\Users\User\AppData\Local\Python\pythoncore-3.14-64\Lib\site-packages\telegram\_bot.py", line 704, in _post
    return await self._do_post(
           ^^^^^^^^^^^^^^^^^^^^
    ...<6 lines>...
    )
    ^
  File "C:\Users\User\AppData\Local\Python\pythoncore-3.14-64\Lib\site-packages\telegram\ext\_extbot.py", line 370, in _do_post
    return await super()._do_post(
           ^^^^^^^^^^^^^^^^^^^^^^^
    ...<6 lines>...
    )
    ^
  File "C:\Users\User\AppData\Local\Python\pythoncore-3.14-64\Lib\site-packages\telegram\_bot.py", line 733, in _do_post
    result = await request.post(
             ^^^^^^^^^^^^^^^^^^^
    ...<6 lines>...
    )
    ^
  File "C:\Users\User\AppData\Local\Python\pythoncore-3.14-64\Lib\site-packages\telegram\request\_baserequest.py", line 198, in post
    result = await self._request_wrapper(
             ^^^^^^^^^^^^^^^^^^^^^^^^^^^^
    ...<7 lines>...
    )
    ^
  File "C:\Users\User\AppData\Local\Python\pythoncore-3.14-64\Lib\site-packages\telegram\request\_baserequest.py", line 375, in _request_wrapper
    raise exception
telegram.error.Conflict: Conflict: terminated by other getUpdates request; make sure that only one bot instance is running
2026-05-11 09:45:23,989 - httpx - INFO - HTTP Request: POST https://api.telegram.org/bot8763806870:AAF9ulkIJmeGxlRzDIl4ikWrPYlcKBhZZLk/getUpdates "HTTP/1.1 409 Conflict"
2026-05-11 09:45:23,991 - telegram.ext.Application - ERROR - No error handlers are registered, logging exception.
Traceback (most recent call last):
  File "C:\Users\User\AppData\Local\Python\pythoncore-3.14-64\Lib\site-packages\telegram\ext\_utils\networkloop.py", line 161, in network_retry_loop
    await do_action()
  File "C:\Users\User\AppData\Local\Python\pythoncore-3.14-64\Lib\site-packages\telegram\ext\_utils\networkloop.py", line 154, in do_action
    action_cb_task.result()
    ~~~~~~~~~~~~~~~~~~~~~^^
  File "C:\Users\User\AppData\Local\Python\pythoncore-3.14-64\Lib\site-packages\telegram\ext\_updater.py", line 340, in polling_action_cb
    updates = await self.bot.get_updates(
              ^^^^^^^^^^^^^^^^^^^^^^^^^^^
    ...<3 lines>...
    )
    ^
  File "C:\Users\User\AppData\Local\Python\pythoncore-3.14-64\Lib\site-packages\telegram\ext\_extbot.py", line 672, in get_updates
    updates = await super().get_updates(
              ^^^^^^^^^^^^^^^^^^^^^^^^^^
    ...<9 lines>...
    )
    ^
  File "C:\Users\User\AppData\Local\Python\pythoncore-3.14-64\Lib\site-packages\telegram\_bot.py", line 4865, in get_updates
    await self._post(
    ^^^^^^^^^^^^^^^^^
    ...<7 lines>...
    ),
    ^
  File "C:\Users\User\AppData\Local\Python\pythoncore-3.14-64\Lib\site-packages\telegram\_bot.py", line 704, in _post
    return await self._do_post(
           ^^^^^^^^^^^^^^^^^^^^
    ...<6 lines>...
    )
    ^
  File "C:\Users\User\AppData\Local\Python\pythoncore-3.14-64\Lib\site-packages\telegram\ext\_extbot.py", line 370, in _do_post
    return await super()._do_post(
           ^^^^^^^^^^^^^^^^^^^^^^^
    ...<6 lines>...
    )
    ^
  File "C:\Users\User\AppData\Local\Python\pythoncore-3.14-64\Lib\site-packages\telegram\_bot.py", line 733, in _do_post
    result = await request.post(
             ^^^^^^^^^^^^^^^^^^^
    ...<6 lines>...
    )
    ^
  File "C:\Users\User\AppData\Local\Python\pythoncore-3.14-64\Lib\site-packages\telegram\request\_baserequest.py", line 198, in post
    result = await self._request_wrapper(
             ^^^^^^^^^^^^^^^^^^^^^^^^^^^^
    ...<7 lines>...
    )
    ^
  File "C:\Users\User\AppData\Local\Python\pythoncore-3.14-64\Lib\site-packages\telegram\request\_baserequest.py", line 375, in _request_wrapper
    raise exception
telegram.error.Conflict: Conflict: terminated by other getUpdates request; make sure that only one bot instance is running
2026-05-11 09:45:31,839 - httpx - INFO - HTTP Request: POST https://api.telegram.org/bot8763806870:AAF9ulkIJmeGxlRzDIl4ikWrPYlcKBhZZLk/getUpdates "HTTP/1.1 409 Conflict"
2026-05-11 09:45:31,840 - telegram.ext.Application - ERROR - No error handlers are registered, logging exception.
Traceback (most recent call last):
  File "C:\Users\User\AppData\Local\Python\pythoncore-3.14-64\Lib\site-packages\telegram\ext\_utils\networkloop.py", line 161, in network_retry_loop
    await do_action()
  File "C:\Users\User\AppData\Local\Python\pythoncore-3.14-64\Lib\site-packages\telegram\ext\_utils\networkloop.py", line 154, in do_action
    action_cb_task.result()
    ~~~~~~~~~~~~~~~~~~~~~^^
  File "C:\Users\User\AppData\Local\Python\pythoncore-3.14-64\Lib\site-packages\telegram\ext\_updater.py", line 340, in polling_action_cb
    updates = await self.bot.get_updates(
              ^^^^^^^^^^^^^^^^^^^^^^^^^^^
    ...<3 lines>...
    )
    ^
  File "C:\Users\User\AppData\Local\Python\pythoncore-3.14-64\Lib\site-packages\telegram\ext\_extbot.py", line 672, in get_updates
    updates = await super().get_updates(
              ^^^^^^^^^^^^^^^^^^^^^^^^^^
    ...<9 lines>...
    )
    ^
  File "C:\Users\User\AppData\Local\Python\pythoncore-3.14-64\Lib\site-packages\telegram\_bot.py", line 4865, in get_updates
    await self._post(
    ^^^^^^^^^^^^^^^^^
    ...<7 lines>...
    ),
    ^
  File "C:\Users\User\AppData\Local\Python\pythoncore-3.14-64\Lib\site-packages\telegram\_bot.py", line 704, in _post
    return await self._do_post(
           ^^^^^^^^^^^^^^^^^^^^
    ...<6 lines>...
    )
    ^
  File "C:\Users\User\AppData\Local\Python\pythoncore-3.14-64\Lib\site-packages\telegram\ext\_extbot.py", line 370, in _do_post
    return await super()._do_post(
           ^^^^^^^^^^^^^^^^^^^^^^^
    ...<6 lines>...
    )
    ^
  File "C:\Users\User\AppData\Local\Python\pythoncore-3.14-64\Lib\site-packages\telegram\_bot.py", line 733, in _do_post
    result = await request.post(
             ^^^^^^^^^^^^^^^^^^^
    ...<6 lines>...
    )
    ^
  File "C:\Users\User\AppData\Local\Python\pythoncore-3.14-64\Lib\site-packages\telegram\request\_baserequest.py", line 198, in post
    result = await self._request_wrapper(
             ^^^^^^^^^^^^^^^^^^^^^^^^^^^^
    ...<7 lines>...
    )
    ^
  File "C:\Users\User\AppData\Local\Python\pythoncore-3.14-64\Lib\site-packages\telegram\request\_baserequest.py", line 375, in _request_wrapper
    raise exception
telegram.error.Conflict: Conflict: terminated by other getUpdates request; make sure that only one bot instance is running
2026-05-11 09:45:38,940 - httpx - INFO - HTTP Request: POST https://api.telegram.org/bot8763806870:AAF9ulkIJmeGxlRzDIl4ikWrPYlcKBhZZLk/getUpdates "HTTP/1.1 409 Conflict"
2026-05-11 09:45:38,941 - telegram.ext.Application - ERROR - No error handlers are registered, logging exception.
Traceback (most recent call last):
  File "C:\Users\User\AppData\Local\Python\pythoncore-3.14-64\Lib\site-packages\telegram\ext\_utils\networkloop.py", line 161, in network_retry_loop
    await do_action()
  File "C:\Users\User\AppData\Local\Python\pythoncore-3.14-64\Lib\site-packages\telegram\ext\_utils\networkloop.py", line 154, in do_action
    action_cb_task.result()
    ~~~~~~~~~~~~~~~~~~~~~^^
  File "C:\Users\User\AppData\Local\Python\pythoncore-3.14-64\Lib\site-packages\telegram\ext\_updater.py", line 340, in polling_action_cb
    updates = await self.bot.get_updates(
              ^^^^^^^^^^^^^^^^^^^^^^^^^^^
    ...<3 lines>...
    )
    ^
  File "C:\Users\User\AppData\Local\Python\pythoncore-3.14-64\Lib\site-packages\telegram\ext\_extbot.py", line 672, in get_updates
    updates = await super().get_updates(
              ^^^^^^^^^^^^^^^^^^^^^^^^^^
    ...<9 lines>...
    )
    ^
  File "C:\Users\User\AppData\Local\Python\pythoncore-3.14-64\Lib\site-packages\telegram\_bot.py", line 4865, in get_updates
    await self._post(
    ^^^^^^^^^^^^^^^^^
    ...<7 lines>...
    ),
    ^
  File "C:\Users\User\AppData\Local\Python\pythoncore-3.14-64\Lib\site-packages\telegram\_bot.py", line 704, in _post
    return await self._do_post(
           ^^^^^^^^^^^^^^^^^^^^
    ...<6 lines>...
    )
    ^
  File "C:\Users\User\AppData\Local\Python\pythoncore-3.14-64\Lib\site-packages\telegram\ext\_extbot.py", line 370, in _do_post
    return await super()._do_post(
           ^^^^^^^^^^^^^^^^^^^^^^^
    ...<6 lines>...
    )
    ^
  File "C:\Users\User\AppData\Local\Python\pythoncore-3.14-64\Lib\site-packages\telegram\_bot.py", line 733, in _do_post
    result = await request.post(
             ^^^^^^^^^^^^^^^^^^^
    ...<6 lines>...
    )
    ^
  File "C:\Users\User\AppData\Local\Python\pythoncore-3.14-64\Lib\site-packages\telegram\request\_baserequest.py", line 198, in post
    result = await self._request_wrapper(
             ^^^^^^^^^^^^^^^^^^^^^^^^^^^^
    ...<7 lines>...
    )
    ^
  File "C:\Users\User\AppData\Local\Python\pythoncore-3.14-64\Lib\site-packages\telegram\request\_baserequest.py", line 375, in _request_wrapper
    raise exception
telegram.error.Conflict: Conflict: terminated by other getUpdates request; make sure that only one bot instance is running
2026-05-11 09:45:54,590 - httpx - INFO - HTTP Request: POST https://api.telegram.org/bot8763806870:AAF9ulkIJmeGxlRzDIl4ikWrPYlcKBhZZLk/getUpdates "HTTP/1.1 200 OK"
2026-05-11 09:45:54,779 - httpx - INFO - HTTP Request: POST https://api.telegram.org/bot8763806870:AAF9ulkIJmeGxlRzDIl4ikWrPYlcKBhZZLk/getUpdates "HTTP/1.1 409 Conflict"
2026-05-11 09:45:54,780 - telegram.ext.Application - ERROR - No error handlers are registered, logging exception.
Traceback (most recent call last):
  File "C:\Users\User\AppData\Local\Python\pythoncore-3.14-64\Lib\site-packages\telegram\ext\_utils\networkloop.py", line 161, in network_retry_loop
    await do_action()
  File "C:\Users\User\AppData\Local\Python\pythoncore-3.14-64\Lib\site-packages\telegram\ext\_utils\networkloop.py", line 154, in do_action
    action_cb_task.result()
    ~~~~~~~~~~~~~~~~~~~~~^^
  File "C:\Users\User\AppData\Local\Python\pythoncore-3.14-64\Lib\site-packages\telegram\ext\_updater.py", line 340, in polling_action_cb
    updates = await self.bot.get_updates(
              ^^^^^^^^^^^^^^^^^^^^^^^^^^^
    ...<3 lines>...
    )
    ^
  File "C:\Users\User\AppData\Local\Python\pythoncore-3.14-64\Lib\site-packages\telegram\ext\_extbot.py", line 672, in get_updates
    updates = await super().get_updates(
              ^^^^^^^^^^^^^^^^^^^^^^^^^^
    ...<9 lines>...
    )
    ^
  File "C:\Users\User\AppData\Local\Python\pythoncore-3.14-64\Lib\site-packages\telegram\_bot.py", line 4865, in get_updates
    await self._post(
    ^^^^^^^^^^^^^^^^^
    ...<7 lines>...
    ),
    ^
  File "C:\Users\User\AppData\Local\Python\pythoncore-3.14-64\Lib\site-packages\telegram\_bot.py", line 704, in _post
    return await self._do_post(
           ^^^^^^^^^^^^^^^^^^^^
    ...<6 lines>...
    )
    ^
  File "C:\Users\User\AppData\Local\Python\pythoncore-3.14-64\Lib\site-packages\telegram\ext\_extbot.py", line 370, in _do_post
    return await super()._do_post(
           ^^^^^^^^^^^^^^^^^^^^^^^
    ...<6 lines>...
    )
    ^
  File "C:\Users\User\AppData\Local\Python\pythoncore-3.14-64\Lib\site-packages\telegram\_bot.py", line 733, in _do_post
    result = await request.post(
             ^^^^^^^^^^^^^^^^^^^
    ...<6 lines>...
    )
    ^
  File "C:\Users\User\AppData\Local\Python\pythoncore-3.14-64\Lib\site-packages\telegram\request\_baserequest.py", line 198, in post
    result = await self._request_wrapper(
             ^^^^^^^^^^^^^^^^^^^^^^^^^^^^
    ...<7 lines>...
    )
    ^
  File "C:\Users\User\AppData\Local\Python\pythoncore-3.14-64\Lib\site-packages\telegram\request\_baserequest.py", line 375, in _request_wrapper
    raise exception
telegram.error.Conflict: Conflict: terminated by other getUpdates request; make sure that only one bot instance is running
2026-05-11 09:46:00,615 - httpx - INFO - HTTP Request: POST https://api.telegram.org/bot8763806870:AAF9ulkIJmeGxlRzDIl4ikWrPYlcKBhZZLk/getUpdates "HTTP/1.1 409 Conflict"
2026-05-11 09:46:00,617 - telegram.ext.Application - ERROR - No error handlers are registered, logging exception.
Traceback (most recent call last):
  File "C:\Users\User\AppData\Local\Python\pythoncore-3.14-64\Lib\site-packages\telegram\ext\_utils\networkloop.py", line 161, in network_retry_loop
    await do_action()
  File "C:\Users\User\AppData\Local\Python\pythoncore-3.14-64\Lib\site-packages\telegram\ext\_utils\networkloop.py", line 154, in do_action
    action_cb_task.result()
    ~~~~~~~~~~~~~~~~~~~~~^^
  File "C:\Users\User\AppData\Local\Python\pythoncore-3.14-64\Lib\site-packages\telegram\ext\_updater.py", line 340, in polling_action_cb
    updates = await self.bot.get_updates(
              ^^^^^^^^^^^^^^^^^^^^^^^^^^^
    ...<3 lines>...
    )
    ^
  File "C:\Users\User\AppData\Local\Python\pythoncore-3.14-64\Lib\site-packages\telegram\ext\_extbot.py", line 672, in get_updates
    updates = await super().get_updates(
              ^^^^^^^^^^^^^^^^^^^^^^^^^^
    ...<9 lines>...
    )
    ^
  File "C:\Users\User\AppData\Local\Python\pythoncore-3.14-64\Lib\site-packages\telegram\_bot.py", line 4865, in get_updates
    await self._post(
    ^^^^^^^^^^^^^^^^^
    ...<7 lines>...
    ),
    ^
  File "C:\Users\User\AppData\Local\Python\pythoncore-3.14-64\Lib\site-packages\telegram\_bot.py", line 704, in _post
    return await self._do_post(
           ^^^^^^^^^^^^^^^^^^^^
    ...<6 lines>...
    )
    ^
  File "C:\Users\User\AppData\Local\Python\pythoncore-3.14-64\Lib\site-packages\telegram\ext\_extbot.py", line 370, in _do_post
    return await super()._do_post(
           ^^^^^^^^^^^^^^^^^^^^^^^
    ...<6 lines>...
    )
    ^
  File "C:\Users\User\AppData\Local\Python\pythoncore-3.14-64\Lib\site-packages\telegram\_bot.py", line 733, in _do_post
    result = await request.post(
             ^^^^^^^^^^^^^^^^^^^
    ...<6 lines>...
    )
    ^
  File "C:\Users\User\AppData\Local\Python\pythoncore-3.14-64\Lib\site-packages\telegram\request\_baserequest.py", line 198, in post
    result = await self._request_wrapper(
             ^^^^^^^^^^^^^^^^^^^^^^^^^^^^
    ...<7 lines>...
    )
    ^
  File "C:\Users\User\AppData\Local\Python\pythoncore-3.14-64\Lib\site-packages\telegram\request\_baserequest.py", line 375, in _request_wrapper
    raise exception
telegram.error.Conflict: Conflict: terminated by other getUpdates request; make sure that only one bot instance is running
2026-05-11 09:46:07,712 - httpx - INFO - HTTP Request: POST https://api.telegram.org/bot8763806870:AAF9ulkIJmeGxlRzDIl4ikWrPYlcKBhZZLk/getUpdates "HTTP/1.1 409 Conflict"
2026-05-11 09:46:07,713 - telegram.ext.Application - ERROR - No error handlers are registered, logging exception.
Traceback (most recent call last):
  File "C:\Users\User\AppData\Local\Python\pythoncore-3.14-64\Lib\site-packages\telegram\ext\_utils\networkloop.py", line 161, in network_retry_loop
    await do_action()
  File "C:\Users\User\AppData\Local\Python\pythoncore-3.14-64\Lib\site-packages\telegram\ext\_utils\networkloop.py", line 154, in do_action
    action_cb_task.result()
    ~~~~~~~~~~~~~~~~~~~~~^^
  File "C:\Users\User\AppData\Local\Python\pythoncore-3.14-64\Lib\site-packages\telegram\ext\_updater.py", line 340, in polling_action_cb
    updates = await self.bot.get_updates(
              ^^^^^^^^^^^^^^^^^^^^^^^^^^^
    ...<3 lines>...
    )
    ^
  File "C:\Users\User\AppData\Local\Python\pythoncore-3.14-64\Lib\site-packages\telegram\ext\_extbot.py", line 672, in get_updates
    updates = await super().get_updates(
              ^^^^^^^^^^^^^^^^^^^^^^^^^^
    ...<9 lines>...
    )
    ^
  File "C:\Users\User\AppData\Local\Python\pythoncore-3.14-64\Lib\site-packages\telegram\_bot.py", line 4865, in get_updates
    await self._post(
    ^^^^^^^^^^^^^^^^^
    ...<7 lines>...
    ),
    ^
  File "C:\Users\User\AppData\Local\Python\pythoncore-3.14-64\Lib\site-packages\telegram\_bot.py", line 704, in _post
    return await self._do_post(
           ^^^^^^^^^^^^^^^^^^^^
    ...<6 lines>...
    )
    ^
  File "C:\Users\User\AppData\Local\Python\pythoncore-3.14-64\Lib\site-packages\telegram\ext\_extbot.py", line 370, in _do_post
    return await super()._do_post(
           ^^^^^^^^^^^^^^^^^^^^^^^
    ...<6 lines>...
    )
    ^
  File "C:\Users\User\AppData\Local\Python\pythoncore-3.14-64\Lib\site-packages\telegram\_bot.py", line 733, in _do_post
    result = await request.post(
             ^^^^^^^^^^^^^^^^^^^
    ...<6 lines>...
    )
    ^
  File "C:\Users\User\AppData\Local\Python\pythoncore-3.14-64\Lib\site-packages\telegram\request\_baserequest.py", line 198, in post
    result = await self._request_wrapper(
             ^^^^^^^^^^^^^^^^^^^^^^^^^^^^
    ...<7 lines>...
    )
    ^
  File "C:\Users\User\AppData\Local\Python\pythoncore-3.14-64\Lib\site-packages\telegram\request\_baserequest.py", line 375, in _request_wrapper
    raise exception
telegram.error.Conflict: Conflict: terminated by other getUpdates request; make sure that only one bot instance is running
2026-05-11 09:46:16,679 - httpx - INFO - HTTP Request: POST https://api.telegram.org/bot8763806870:AAF9ulkIJmeGxlRzDIl4ikWrPYlcKBhZZLk/getUpdates "HTTP/1.1 409 Conflict"
2026-05-11 09:46:16,681 - telegram.ext.Application - ERROR - No error handlers are registered, logging exception.
Traceback (most recent call last):
  File "C:\Users\User\AppData\Local\Python\pythoncore-3.14-64\Lib\site-packages\telegram\ext\_utils\networkloop.py", line 161, in network_retry_loop
    await do_action()
  File "C:\Users\User\AppData\Local\Python\pythoncore-3.14-64\Lib\site-packages\telegram\ext\_utils\networkloop.py", line 154, in do_action
    action_cb_task.result()
    ~~~~~~~~~~~~~~~~~~~~~^^
  File "C:\Users\User\AppData\Local\Python\pythoncore-3.14-64\Lib\site-packages\telegram\ext\_updater.py", line 340, in polling_action_cb
    updates = await self.bot.get_updates(
              ^^^^^^^^^^^^^^^^^^^^^^^^^^^
    ...<3 lines>...
    )
    ^
  File "C:\Users\User\AppData\Local\Python\pythoncore-3.14-64\Lib\site-packages\telegram\ext\_extbot.py", line 672, in get_updates
    updates = await super().get_updates(
              ^^^^^^^^^^^^^^^^^^^^^^^^^^
    ...<9 lines>...
    )
    ^
  File "C:\Users\User\AppData\Local\Python\pythoncore-3.14-64\Lib\site-packages\telegram\_bot.py", line 4865, in get_updates
    await self._post(
    ^^^^^^^^^^^^^^^^^
    ...<7 lines>...
    ),
    ^
  File "C:\Users\User\AppData\Local\Python\pythoncore-3.14-64\Lib\site-packages\telegram\_bot.py", line 704, in _post
    return await self._do_post(
           ^^^^^^^^^^^^^^^^^^^^
    ...<6 lines>...
    )
    ^
  File "C:\Users\User\AppData\Local\Python\pythoncore-3.14-64\Lib\site-packages\telegram\ext\_extbot.py", line 370, in _do_post
    return await super()._do_post(
           ^^^^^^^^^^^^^^^^^^^^^^^
    ...<6 lines>...
    )
    ^
  File "C:\Users\User\AppData\Local\Python\pythoncore-3.14-64\Lib\site-packages\telegram\_bot.py", line 733, in _do_post
    result = await request.post(
             ^^^^^^^^^^^^^^^^^^^
    ...<6 lines>...
    )
    ^
  File "C:\Users\User\AppData\Local\Python\pythoncore-3.14-64\Lib\site-packages\telegram\request\_baserequest.py", line 198, in post
    result = await self._request_wrapper(
             ^^^^^^^^^^^^^^^^^^^^^^^^^^^^
    ...<7 lines>...
    )
    ^
  File "C:\Users\User\AppData\Local\Python\pythoncore-3.14-64\Lib\site-packages\telegram\request\_baserequest.py", line 375, in _request_wrapper
    raise exception
telegram.error.Conflict: Conflict: terminated by other getUpdates request; make sure that only one bot instance is running
2026-05-11 09:46:25,799 - httpx - INFO - HTTP Request: POST https://api.telegram.org/bot8763806870:AAF9ulkIJmeGxlRzDIl4ikWrPYlcKBhZZLk/getUpdates "HTTP/1.1 409 Conflict"
2026-05-11 09:46:25,801 - telegram.ext.Application - ERROR - No error handlers are registered, logging exception.
Traceback (most recent call last):
  File "C:\Users\User\AppData\Local\Python\pythoncore-3.14-64\Lib\site-packages\telegram\ext\_utils\networkloop.py", line 161, in network_retry_loop
    await do_action()
  File "C:\Users\User\AppData\Local\Python\pythoncore-3.14-64\Lib\site-packages\telegram\ext\_utils\networkloop.py", line 154, in do_action
    action_cb_task.result()
    ~~~~~~~~~~~~~~~~~~~~~^^
  File "C:\Users\User\AppData\Local\Python\pythoncore-3.14-64\Lib\site-packages\telegram\ext\_updater.py", line 340, in polling_action_cb
    updates = await self.bot.get_updates(
              ^^^^^^^^^^^^^^^^^^^^^^^^^^^
    ...<3 lines>...
    )
    ^
  File "C:\Users\User\AppData\Local\Python\pythoncore-3.14-64\Lib\site-packages\telegram\ext\_extbot.py", line 672, in get_updates
    updates = await super().get_updates(
              ^^^^^^^^^^^^^^^^^^^^^^^^^^
    ...<9 lines>...
    )
    ^
  File "C:\Users\User\AppData\Local\Python\pythoncore-3.14-64\Lib\site-packages\telegram\_bot.py", line 4865, in get_updates
    await self._post(
    ^^^^^^^^^^^^^^^^^
    ...<7 lines>...
    ),
    ^
  File "C:\Users\User\AppData\Local\Python\pythoncore-3.14-64\Lib\site-packages\telegram\_bot.py", line 704, in _post
    return await self._do_post(
           ^^^^^^^^^^^^^^^^^^^^
    ...<6 lines>...
    )
    ^
  File "C:\Users\User\AppData\Local\Python\pythoncore-3.14-64\Lib\site-packages\telegram\ext\_extbot.py", line 370, in _do_post
    return await super()._do_post(
           ^^^^^^^^^^^^^^^^^^^^^^^
    ...<6 lines>...
    )
    ^
  File "C:\Users\User\AppData\Local\Python\pythoncore-3.14-64\Lib\site-packages\telegram\_bot.py", line 733, in _do_post
    result = await request.post(
             ^^^^^^^^^^^^^^^^^^^
    ...<6 lines>...
    )
    ^
  File "C:\Users\User\AppData\Local\Python\pythoncore-3.14-64\Lib\site-packages\telegram\request\_baserequest.py", line 198, in post
    result = await self._request_wrapper(
             ^^^^^^^^^^^^^^^^^^^^^^^^^^^^
    ...<7 lines>...
    )
    ^
  File "C:\Users\User\AppData\Local\Python\pythoncore-3.14-64\Lib\site-packages\telegram\request\_baserequest.py", line 375, in _request_wrapper
    raise exception
telegram.error.Conflict: Conflict: terminated by other getUpdates request; make sure that only one bot instance is running
2026-05-11 09:46:39,473 - httpx - INFO - HTTP Request: POST https://api.telegram.org/bot8763806870:AAF9ulkIJmeGxlRzDIl4ikWrPYlcKBhZZLk/getUpdates "HTTP/1.1 409 Conflict"
2026-05-11 09:46:39,475 - telegram.ext.Application - ERROR - No error handlers are registered, logging exception.
Traceback (most recent call last):
  File "C:\Users\User\AppData\Local\Python\pythoncore-3.14-64\Lib\site-packages\telegram\ext\_utils\networkloop.py", line 161, in network_retry_loop
    await do_action()
  File "C:\Users\User\AppData\Local\Python\pythoncore-3.14-64\Lib\site-packages\telegram\ext\_utils\networkloop.py", line 154, in do_action
    action_cb_task.result()
    ~~~~~~~~~~~~~~~~~~~~~^^
  File "C:\Users\User\AppData\Local\Python\pythoncore-3.14-64\Lib\site-packages\telegram\ext\_updater.py", line 340, in polling_action_cb
    updates = await self.bot.get_updates(
              ^^^^^^^^^^^^^^^^^^^^^^^^^^^
    ...<3 lines>...
    )
    ^
  File "C:\Users\User\AppData\Local\Python\pythoncore-3.14-64\Lib\site-packages\telegram\ext\_extbot.py", line 672, in get_updates
    updates = await super().get_updates(
              ^^^^^^^^^^^^^^^^^^^^^^^^^^
    ...<9 lines>...
    )
    ^
  File "C:\Users\User\AppData\Local\Python\pythoncore-3.14-64\Lib\site-packages\telegram\_bot.py", line 4865, in get_updates
    await self._post(
    ^^^^^^^^^^^^^^^^^
    ...<7 lines>...
    ),
    ^
  File "C:\Users\User\AppData\Local\Python\pythoncore-3.14-64\Lib\site-packages\telegram\_bot.py", line 704, in _post
    return await self._do_post(
           ^^^^^^^^^^^^^^^^^^^^
    ...<6 lines>...
    )
    ^
  File "C:\Users\User\AppData\Local\Python\pythoncore-3.14-64\Lib\site-packages\telegram\ext\_extbot.py", line 370, in _do_post
    return await super()._do_post(
           ^^^^^^^^^^^^^^^^^^^^^^^
    ...<6 lines>...
    )
    ^
  File "C:\Users\User\AppData\Local\Python\pythoncore-3.14-64\Lib\site-packages\telegram\_bot.py", line 733, in _do_post
    result = await request.post(
             ^^^^^^^^^^^^^^^^^^^
    ...<6 lines>...
    )
    ^
  File "C:\Users\User\AppData\Local\Python\pythoncore-3.14-64\Lib\site-packages\telegram\request\_baserequest.py", line 198, in post
    result = await self._request_wrapper(
             ^^^^^^^^^^^^^^^^^^^^^^^^^^^^
    ...<7 lines>...
    )
    ^
  File "C:\Users\User\AppData\Local\Python\pythoncore-3.14-64\Lib\site-packages\telegram\request\_baserequest.py", line 375, in _request_wrapper
    raise exception
telegram.error.Conflict: Conflict: terminated by other getUpdates request; make sure that only one bot instance is running
2026-05-11 09:46:57,679 - httpx - INFO - HTTP Request: POST https://api.telegram.org/bot8763806870:AAF9ulkIJmeGxlRzDIl4ikWrPYlcKBhZZLk/getUpdates "HTTP/1.1 200 OK"
2026-05-11 09:46:59,511 - httpx - INFO - HTTP Request: POST https://api.telegram.org/bot8763806870:AAF9ulkIJmeGxlRzDIl4ikWrPYlcKBhZZLk/getUpdates "HTTP/1.1 409 Conflict"
2026-05-11 09:46:59,512 - telegram.ext.Application - ERROR - No error handlers are registered, logging exception.
Traceback (most recent call last):
  File "C:\Users\User\AppData\Local\Python\pythoncore-3.14-64\Lib\site-packages\telegram\ext\_utils\networkloop.py", line 161, in network_retry_loop
    await do_action()
  File "C:\Users\User\AppData\Local\Python\pythoncore-3.14-64\Lib\site-packages\telegram\ext\_utils\networkloop.py", line 154, in do_action
    action_cb_task.result()
    ~~~~~~~~~~~~~~~~~~~~~^^
  File "C:\Users\User\AppData\Local\Python\pythoncore-3.14-64\Lib\site-packages\telegram\ext\_updater.py", line 340, in polling_action_cb
    updates = await self.bot.get_updates(
              ^^^^^^^^^^^^^^^^^^^^^^^^^^^
    ...<3 lines>...
    )
    ^
  File "C:\Users\User\AppData\Local\Python\pythoncore-3.14-64\Lib\site-packages\telegram\ext\_extbot.py", line 672, in get_updates
    updates = await super().get_updates(
              ^^^^^^^^^^^^^^^^^^^^^^^^^^
    ...<9 lines>...
    )
    ^
  File "C:\Users\User\AppData\Local\Python\pythoncore-3.14-64\Lib\site-packages\telegram\_bot.py", line 4865, in get_updates
    await self._post(
    ^^^^^^^^^^^^^^^^^
    ...<7 lines>...
    ),
    ^
  File "C:\Users\User\AppData\Local\Python\pythoncore-3.14-64\Lib\site-packages\telegram\_bot.py", line 704, in _post
    return await self._do_post(
           ^^^^^^^^^^^^^^^^^^^^
    ...<6 lines>...
    )
    ^
  File "C:\Users\User\AppData\Local\Python\pythoncore-3.14-64\Lib\site-packages\telegram\ext\_extbot.py", line 370, in _do_post
    return await super()._do_post(
           ^^^^^^^^^^^^^^^^^^^^^^^
    ...<6 lines>...
    )
    ^
  File "C:\Users\User\AppData\Local\Python\pythoncore-3.14-64\Lib\site-packages\telegram\_bot.py", line 733, in _do_post
    result = await request.post(
             ^^^^^^^^^^^^^^^^^^^
    ...<6 lines>...
    )
    ^
  File "C:\Users\User\AppData\Local\Python\pythoncore-3.14-64\Lib\site-packages\telegram\request\_baserequest.py", line 198, in post
    result = await self._request_wrapper(
             ^^^^^^^^^^^^^^^^^^^^^^^^^^^^
    ...<7 lines>...
    )
    ^
  File "C:\Users\User\AppData\Local\Python\pythoncore-3.14-64\Lib\site-packages\telegram\request\_baserequest.py", line 375, in _request_wrapper
    raise exception
telegram.error.Conflict: Conflict: terminated by other getUpdates request; make sure that only one bot instance is running
2026-05-11 09:47:10,725 - httpx - INFO - HTTP Request: POST https://api.telegram.org/bot8763806870:AAF9ulkIJmeGxlRzDIl4ikWrPYlcKBhZZLk/getUpdates "HTTP/1.1 200 OK"
2026-05-11 09:47:20,928 - httpx - INFO - HTTP Request: POST https://api.telegram.org/bot8763806870:AAF9ulkIJmeGxlRzDIl4ikWrPYlcKBhZZLk/getUpdates "HTTP/1.1 200 OK"
2026-05-11 09:47:21,259 - httpx - INFO - HTTP Request: POST https://api.telegram.org/bot8763806870:AAF9ulkIJmeGxlRzDIl4ikWrPYlcKBhZZLk/getUpdates "HTTP/1.1 409 Conflict"
2026-05-11 09:47:21,260 - telegram.ext.Application - ERROR - No error handlers are registered, logging exception.
Traceback (most recent call last):
  File "C:\Users\User\AppData\Local\Python\pythoncore-3.14-64\Lib\site-packages\telegram\ext\_utils\networkloop.py", line 161, in network_retry_loop
    await do_action()
  File "C:\Users\User\AppData\Local\Python\pythoncore-3.14-64\Lib\site-packages\telegram\ext\_utils\networkloop.py", line 154, in do_action
    action_cb_task.result()
    ~~~~~~~~~~~~~~~~~~~~~^^
  File "C:\Users\User\AppData\Local\Python\pythoncore-3.14-64\Lib\site-packages\telegram\ext\_updater.py", line 340, in polling_action_cb
    updates = await self.bot.get_updates(
              ^^^^^^^^^^^^^^^^^^^^^^^^^^^
    ...<3 lines>...
    )
    ^
  File "C:\Users\User\AppData\Local\Python\pythoncore-3.14-64\Lib\site-packages\telegram\ext\_extbot.py", line 672, in get_updates
    updates = await super().get_updates(
              ^^^^^^^^^^^^^^^^^^^^^^^^^^
    ...<9 lines>...
    )
    ^
  File "C:\Users\User\AppData\Local\Python\pythoncore-3.14-64\Lib\site-packages\telegram\_bot.py", line 4865, in get_updates
    await self._post(
    ^^^^^^^^^^^^^^^^^
    ...<7 lines>...
    ),
    ^
  File "C:\Users\User\AppData\Local\Python\pythoncore-3.14-64\Lib\site-packages\telegram\_bot.py", line 704, in _post
    return await self._do_post(
           ^^^^^^^^^^^^^^^^^^^^
    ...<6 lines>...
    )
    ^
  File "C:\Users\User\AppData\Local\Python\pythoncore-3.14-64\Lib\site-packages\telegram\ext\_extbot.py", line 370, in _do_post
    return await super()._do_post(
           ^^^^^^^^^^^^^^^^^^^^^^^
    ...<6 lines>...
    )
    ^
  File "C:\Users\User\AppData\Local\Python\pythoncore-3.14-64\Lib\site-packages\telegram\_bot.py", line 733, in _do_post
    result = await request.post(
             ^^^^^^^^^^^^^^^^^^^
    ...<6 lines>...
    )
    ^
  File "C:\Users\User\AppData\Local\Python\pythoncore-3.14-64\Lib\site-packages\telegram\request\_baserequest.py", line 198, in post
    result = await self._request_wrapper(
             ^^^^^^^^^^^^^^^^^^^^^^^^^^^^
    ...<7 lines>...
    )
    ^
  File "C:\Users\User\AppData\Local\Python\pythoncore-3.14-64\Lib\site-packages\telegram\request\_baserequest.py", line 375, in _request_wrapper
    raise exception
telegram.error.Conflict: Conflict: terminated by other getUpdates request; make sure that only one bot instance is running
2026-05-11 09:47:32,464 - httpx - INFO - HTTP Request: POST https://api.telegram.org/bot8763806870:AAF9ulkIJmeGxlRzDIl4ikWrPYlcKBhZZLk/getUpdates "HTTP/1.1 200 OK"
2026-05-11 09:47:42,669 - httpx - INFO - HTTP Request: POST https://api.telegram.org/bot8763806870:AAF9ulkIJmeGxlRzDIl4ikWrPYlcKBhZZLk/getUpdates "HTTP/1.1 200 OK"
2026-05-11 09:47:51,546 - httpx - INFO - HTTP Request: POST https://api.telegram.org/bot8763806870:AAF9ulkIJmeGxlRzDIl4ikWrPYlcKBhZZLk/getUpdates "HTTP/1.1 409 Conflict"
2026-05-11 09:47:51,547 - telegram.ext.Application - ERROR - No error handlers are registered, logging exception.
Traceback (most recent call last):
  File "C:\Users\User\AppData\Local\Python\pythoncore-3.14-64\Lib\site-packages\telegram\ext\_utils\networkloop.py", line 161, in network_retry_loop
    await do_action()
  File "C:\Users\User\AppData\Local\Python\pythoncore-3.14-64\Lib\site-packages\telegram\ext\_utils\networkloop.py", line 154, in do_action
    action_cb_task.result()
    ~~~~~~~~~~~~~~~~~~~~~^^
  File "C:\Users\User\AppData\Local\Python\pythoncore-3.14-64\Lib\site-packages\telegram\ext\_updater.py", line 340, in polling_action_cb
    updates = await self.bot.get_updates(
              ^^^^^^^^^^^^^^^^^^^^^^^^^^^
    ...<3 lines>...
    )
    ^
  File "C:\Users\User\AppData\Local\Python\pythoncore-3.14-64\Lib\site-packages\telegram\ext\_extbot.py", line 672, in get_updates
    updates = await super().get_updates(
              ^^^^^^^^^^^^^^^^^^^^^^^^^^
    ...<9 lines>...
    )
    ^
  File "C:\Users\User\AppData\Local\Python\pythoncore-3.14-64\Lib\site-packages\telegram\_bot.py", line 4865, in get_updates
    await self._post(
    ^^^^^^^^^^^^^^^^^
    ...<7 lines>...
    ),
    ^
  File "C:\Users\User\AppData\Local\Python\pythoncore-3.14-64\Lib\site-packages\telegram\_bot.py", line 704, in _post
    return await self._do_post(
           ^^^^^^^^^^^^^^^^^^^^
    ...<6 lines>...
    )
    ^
  File "C:\Users\User\AppData\Local\Python\pythoncore-3.14-64\Lib\site-packages\telegram\ext\_extbot.py", line 370, in _do_post
    return await super()._do_post(
           ^^^^^^^^^^^^^^^^^^^^^^^
    ...<6 lines>...
    )
    ^
  File "C:\Users\User\AppData\Local\Python\pythoncore-3.14-64\Lib\site-packages\telegram\_bot.py", line 733, in _do_post
    result = await request.post(
             ^^^^^^^^^^^^^^^^^^^
    ...<6 lines>...
    )
    ^
  File "C:\Users\User\AppData\Local\Python\pythoncore-3.14-64\Lib\site-packages\telegram\request\_baserequest.py", line 198, in post
    result = await self._request_wrapper(
             ^^^^^^^^^^^^^^^^^^^^^^^^^^^^
    ...<7 lines>...
    )
    ^
  File "C:\Users\User\AppData\Local\Python\pythoncore-3.14-64\Lib\site-packages\telegram\request\_baserequest.py", line 375, in _request_wrapper
    raise exception
telegram.error.Conflict: Conflict: terminated by other getUpdates request; make sure that only one bot instance is running
2026-05-11 09:48:02,759 - httpx - INFO - HTTP Request: POST https://api.telegram.org/bot8763806870:AAF9ulkIJmeGxlRzDIl4ikWrPYlcKBhZZLk/getUpdates "HTTP/1.1 200 OK"
2026-05-11 09:48:12,959 - httpx - INFO - HTTP Request: POST https://api.telegram.org/bot8763806870:AAF9ulkIJmeGxlRzDIl4ikWrPYlcKBhZZLk/getUpdates "HTTP/1.1 200 OK"
2026-05-11 09:48:23,160 - httpx - INFO - HTTP Request: POST https://api.telegram.org/bot8763806870:AAF9ulkIJmeGxlRzDIl4ikWrPYlcKBhZZLk/getUpdates "HTTP/1.1 200 OK"
2026-05-11 09:48:26,207 - httpx - INFO - HTTP Request: POST https://api.telegram.org/bot8763806870:AAF9ulkIJmeGxlRzDIl4ikWrPYlcKBhZZLk/getUpdates "HTTP/1.1 409 Conflict"
2026-05-11 09:48:26,209 - telegram.ext.Application - ERROR - No error handlers are registered, logging exception.
Traceback (most recent call last):
  File "C:\Users\User\AppData\Local\Python\pythoncore-3.14-64\Lib\site-packages\telegram\ext\_utils\networkloop.py", line 161, in network_retry_loop
    await do_action()
  File "C:\Users\User\AppData\Local\Python\pythoncore-3.14-64\Lib\site-packages\telegram\ext\_utils\networkloop.py", line 154, in do_action
    action_cb_task.result()
    ~~~~~~~~~~~~~~~~~~~~~^^
  File "C:\Users\User\AppData\Local\Python\pythoncore-3.14-64\Lib\site-packages\telegram\ext\_updater.py", line 340, in polling_action_cb
    updates = await self.bot.get_updates(
              ^^^^^^^^^^^^^^^^^^^^^^^^^^^
    ...<3 lines>...
    )
    ^
  File "C:\Users\User\AppData\Local\Python\pythoncore-3.14-64\Lib\site-packages\telegram\ext\_extbot.py", line 672, in get_updates
    updates = await super().get_updates(
              ^^^^^^^^^^^^^^^^^^^^^^^^^^
    ...<9 lines>...
    )
    ^
  File "C:\Users\User\AppData\Local\Python\pythoncore-3.14-64\Lib\site-packages\telegram\_bot.py", line 4865, in get_updates
    await self._post(
    ^^^^^^^^^^^^^^^^^
    ...<7 lines>...
    ),
    ^
  File "C:\Users\User\AppData\Local\Python\pythoncore-3.14-64\Lib\site-packages\telegram\_bot.py", line 704, in _post
    return await self._do_post(
           ^^^^^^^^^^^^^^^^^^^^
    ...<6 lines>...
    )
    ^
  File "C:\Users\User\AppData\Local\Python\pythoncore-3.14-64\Lib\site-packages\telegram\ext\_extbot.py", line 370, in _do_post
    return await super()._do_post(
           ^^^^^^^^^^^^^^^^^^^^^^^
    ...<6 lines>...
    )
    ^
  File "C:\Users\User\AppData\Local\Python\pythoncore-3.14-64\Lib\site-packages\telegram\_bot.py", line 733, in _do_post
    result = await request.post(
             ^^^^^^^^^^^^^^^^^^^
    ...<6 lines>...
    )
    ^
  File "C:\Users\User\AppData\Local\Python\pythoncore-3.14-64\Lib\site-packages\telegram\request\_baserequest.py", line 198, in post
    result = await self._request_wrapper(
             ^^^^^^^^^^^^^^^^^^^^^^^^^^^^
    ...<7 lines>...
    )
    ^
  File "C:\Users\User\AppData\Local\Python\pythoncore-3.14-64\Lib\site-packages\telegram\request\_baserequest.py", line 375, in _request_wrapper
    raise exception
telegram.error.Conflict: Conflict: terminated by other getUpdates request; make sure that only one bot instance is running
2026-05-11 09:48:37,424 - httpx - INFO - HTTP Request: POST https://api.telegram.org/bot8763806870:AAF9ulkIJmeGxlRzDIl4ikWrPYlcKBhZZLk/getUpdates "HTTP/1.1 200 OK"
2026-05-11 09:48:47,630 - httpx - INFO - HTTP Request: POST https://api.telegram.org/bot8763806870:AAF9ulkIJmeGxlRzDIl4ikWrPYlcKBhZZLk/getUpdates "HTTP/1.1 200 OK"
2026-05-11 09:48:57,833 - httpx - INFO - HTTP Request: POST https://api.telegram.org/bot8763806870:AAF9ulkIJmeGxlRzDIl4ikWrPYlcKBhZZLk/getUpdates "HTTP/1.1 200 OK"
2026-05-11 09:49:00,926 - httpx - INFO - HTTP Request: POST https://api.telegram.org/bot8763806870:AAF9ulkIJmeGxlRzDIl4ikWrPYlcKBhZZLk/getUpdates "HTTP/1.1 409 Conflict"
2026-05-11 09:49:00,927 - telegram.ext.Application - ERROR - No error handlers are registered, logging exception.
Traceback (most recent call last):
  File "C:\Users\User\AppData\Local\Python\pythoncore-3.14-64\Lib\site-packages\telegram\ext\_utils\networkloop.py", line 161, in network_retry_loop
    await do_action()
  File "C:\Users\User\AppData\Local\Python\pythoncore-3.14-64\Lib\site-packages\telegram\ext\_utils\networkloop.py", line 154, in do_action
    action_cb_task.result()
    ~~~~~~~~~~~~~~~~~~~~~^^
  File "C:\Users\User\AppData\Local\Python\pythoncore-3.14-64\Lib\site-packages\telegram\ext\_updater.py", line 340, in polling_action_cb
    updates = await self.bot.get_updates(
              ^^^^^^^^^^^^^^^^^^^^^^^^^^^
    ...<3 lines>...
    )
    ^
  File "C:\Users\User\AppData\Local\Python\pythoncore-3.14-64\Lib\site-packages\telegram\ext\_extbot.py", line 672, in get_updates
    updates = await super().get_updates(
              ^^^^^^^^^^^^^^^^^^^^^^^^^^
    ...<9 lines>...
    )
    ^
  File "C:\Users\User\AppData\Local\Python\pythoncore-3.14-64\Lib\site-packages\telegram\_bot.py", line 4865, in get_updates
    await self._post(
    ^^^^^^^^^^^^^^^^^
    ...<7 lines>...
    ),
    ^
  File "C:\Users\User\AppData\Local\Python\pythoncore-3.14-64\Lib\site-packages\telegram\_bot.py", line 704, in _post
    return await self._do_post(
           ^^^^^^^^^^^^^^^^^^^^
    ...<6 lines>...
    )
    ^
  File "C:\Users\User\AppData\Local\Python\pythoncore-3.14-64\Lib\site-packages\telegram\ext\_extbot.py", line 370, in _do_post
    return await super()._do_post(
           ^^^^^^^^^^^^^^^^^^^^^^^
    ...<6 lines>...
    )
    ^
  File "C:\Users\User\AppData\Local\Python\pythoncore-3.14-64\Lib\site-packages\telegram\_bot.py", line 733, in _do_post
    result = await request.post(
             ^^^^^^^^^^^^^^^^^^^
    ...<6 lines>...
    )
    ^
  File "C:\Users\User\AppData\Local\Python\pythoncore-3.14-64\Lib\site-packages\telegram\request\_baserequest.py", line 198, in post
    result = await self._request_wrapper(
             ^^^^^^^^^^^^^^^^^^^^^^^^^^^^
    ...<7 lines>...
    )
    ^
  File "C:\Users\User\AppData\Local\Python\pythoncore-3.14-64\Lib\site-packages\telegram\request\_baserequest.py", line 375, in _request_wrapper
    raise exception
telegram.error.Conflict: Conflict: terminated by other getUpdates request; make sure that only one bot instance is running
2026-05-11 09:49:12,139 - httpx - INFO - HTTP Request: POST https://api.telegram.org/bot8763806870:AAF9ulkIJmeGxlRzDIl4ikWrPYlcKBhZZLk/getUpdates "HTTP/1.1 200 OK"
2026-05-11 09:49:22,346 - httpx - INFO - HTTP Request: POST https://api.telegram.org/bot8763806870:AAF9ulkIJmeGxlRzDIl4ikWrPYlcKBhZZLk/getUpdates "HTTP/1.1 200 OK"
2026-05-11 09:49:32,560 - httpx - INFO - HTTP Request: POST https://api.telegram.org/bot8763806870:AAF9ulkIJmeGxlRzDIl4ikWrPYlcKBhZZLk/getUpdates "HTTP/1.1 200 OK"
2026-05-11 09:49:35,603 - httpx - INFO - HTTP Request: POST https://api.telegram.org/bot8763806870:AAF9ulkIJmeGxlRzDIl4ikWrPYlcKBhZZLk/getUpdates "HTTP/1.1 409 Conflict"
2026-05-11 09:49:35,604 - telegram.ext.Application - ERROR - No error handlers are registered, logging exception.
Traceback (most recent call last):
  File "C:\Users\User\AppData\Local\Python\pythoncore-3.14-64\Lib\site-packages\telegram\ext\_utils\networkloop.py", line 161, in network_retry_loop
    await do_action()
  File "C:\Users\User\AppData\Local\Python\pythoncore-3.14-64\Lib\site-packages\telegram\ext\_utils\networkloop.py", line 154, in do_action
    action_cb_task.result()
    ~~~~~~~~~~~~~~~~~~~~~^^
  File "C:\Users\User\AppData\Local\Python\pythoncore-3.14-64\Lib\site-packages\telegram\ext\_updater.py", line 340, in polling_action_cb
    updates = await self.bot.get_updates(
              ^^^^^^^^^^^^^^^^^^^^^^^^^^^
    ...<3 lines>...
    )
    ^
  File "C:\Users\User\AppData\Local\Python\pythoncore-3.14-64\Lib\site-packages\telegram\ext\_extbot.py", line 672, in get_updates
    updates = await super().get_updates(
              ^^^^^^^^^^^^^^^^^^^^^^^^^^
    ...<9 lines>...
    )
    ^
  File "C:\Users\User\AppData\Local\Python\pythoncore-3.14-64\Lib\site-packages\telegram\_bot.py", line 4865, in get_updates
    await self._post(
    ^^^^^^^^^^^^^^^^^
    ...<7 lines>...
    ),
    ^
  File "C:\Users\User\AppData\Local\Python\pythoncore-3.14-64\Lib\site-packages\telegram\_bot.py", line 704, in _post
    return await self._do_post(
           ^^^^^^^^^^^^^^^^^^^^
    ...<6 lines>...
    )
    ^
  File "C:\Users\User\AppData\Local\Python\pythoncore-3.14-64\Lib\site-packages\telegram\ext\_extbot.py", line 370, in _do_post
    return await super()._do_post(
           ^^^^^^^^^^^^^^^^^^^^^^^
    ...<6 lines>...
    )
    ^
  File "C:\Users\User\AppData\Local\Python\pythoncore-3.14-64\Lib\site-packages\telegram\_bot.py", line 733, in _do_post
    result = await request.post(
             ^^^^^^^^^^^^^^^^^^^
    ...<6 lines>...
    )
    ^
  File "C:\Users\User\AppData\Local\Python\pythoncore-3.14-64\Lib\site-packages\telegram\request\_baserequest.py", line 198, in post
    result = await self._request_wrapper(
             ^^^^^^^^^^^^^^^^^^^^^^^^^^^^
    ...<7 lines>...
    )
    ^
  File "C:\Users\User\AppData\Local\Python\pythoncore-3.14-64\Lib\site-packages\telegram\request\_baserequest.py", line 375, in _request_wrapper
    raise exception
telegram.error.Conflict: Conflict: terminated by other getUpdates request; make sure that only one bot instance is running
2026-05-11 09:49:46,807 - httpx - INFO - HTTP Request: POST https://api.telegram.org/bot8763806870:AAF9ulkIJmeGxlRzDIl4ikWrPYlcKBhZZLk/getUpdates "HTTP/1.1 200 OK"
2026-05-11 09:49:57,049 - httpx - INFO - HTTP Request: POST https://api.telegram.org/bot8763806870:AAF9ulkIJmeGxlRzDIl4ikWrPYlcKBhZZLk/getUpdates "HTTP/1.1 200 OK"
2026-05-11 09:50:07,259 - httpx - INFO - HTTP Request: POST https://api.telegram.org/bot8763806870:AAF9ulkIJmeGxlRzDIl4ikWrPYlcKBhZZLk/getUpdates "HTTP/1.1 200 OK"
2026-05-11 09:50:10,306 - httpx - INFO - HTTP Request: POST https://api.telegram.org/bot8763806870:AAF9ulkIJmeGxlRzDIl4ikWrPYlcKBhZZLk/getUpdates "HTTP/1.1 409 Conflict"
2026-05-11 09:50:10,307 - telegram.ext.Application - ERROR - No error handlers are registered, logging exception.
Traceback (most recent call last):
  File "C:\Users\User\AppData\Local\Python\pythoncore-3.14-64\Lib\site-packages\telegram\ext\_utils\networkloop.py", line 161, in network_retry_loop
    await do_action()
  File "C:\Users\User\AppData\Local\Python\pythoncore-3.14-64\Lib\site-packages\telegram\ext\_utils\networkloop.py", line 154, in do_action
    action_cb_task.result()
    ~~~~~~~~~~~~~~~~~~~~~^^
  File "C:\Users\User\AppData\Local\Python\pythoncore-3.14-64\Lib\site-packages\telegram\ext\_updater.py", line 340, in polling_action_cb
    updates = await self.bot.get_updates(
              ^^^^^^^^^^^^^^^^^^^^^^^^^^^
    ...<3 lines>...
    )
    ^
  File "C:\Users\User\AppData\Local\Python\pythoncore-3.14-64\Lib\site-packages\telegram\ext\_extbot.py", line 672, in get_updates
    updates = await super().get_updates(
              ^^^^^^^^^^^^^^^^^^^^^^^^^^
    ...<9 lines>...
    )
    ^
  File "C:\Users\User\AppData\Local\Python\pythoncore-3.14-64\Lib\site-packages\telegram\_bot.py", line 4865, in get_updates
    await self._post(
    ^^^^^^^^^^^^^^^^^
    ...<7 lines>...
    ),
    ^
  File "C:\Users\User\AppData\Local\Python\pythoncore-3.14-64\Lib\site-packages\telegram\_bot.py", line 704, in _post
    return await self._do_post(
           ^^^^^^^^^^^^^^^^^^^^
    ...<6 lines>...
    )
    ^
  File "C:\Users\User\AppData\Local\Python\pythoncore-3.14-64\Lib\site-packages\telegram\ext\_extbot.py", line 370, in _do_post
    return await super()._do_post(
           ^^^^^^^^^^^^^^^^^^^^^^^
    ...<6 lines>...
    )
    ^
  File "C:\Users\User\AppData\Local\Python\pythoncore-3.14-64\Lib\site-packages\telegram\_bot.py", line 733, in _do_post
    result = await request.post(
             ^^^^^^^^^^^^^^^^^^^
    ...<6 lines>...
    )
    ^
  File "C:\Users\User\AppData\Local\Python\pythoncore-3.14-64\Lib\site-packages\telegram\request\_baserequest.py", line 198, in post
    result = await self._request_wrapper(
             ^^^^^^^^^^^^^^^^^^^^^^^^^^^^
    ...<7 lines>...
    )
    ^
  File "C:\Users\User\AppData\Local\Python\pythoncore-3.14-64\Lib\site-packages\telegram\request\_baserequest.py", line 375, in _request_wrapper
    raise exception
telegram.error.Conflict: Conflict: terminated by other getUpdates request; make sure that only one bot instance is running
2026-05-11 09:50:21,558 - httpx - INFO - HTTP Request: POST https://api.telegram.org/bot8763806870:AAF9ulkIJmeGxlRzDIl4ikWrPYlcKBhZZLk/getUpdates "HTTP/1.1 200 OK"
2026-05-11 09:50:31,905 - httpx - INFO - HTTP Request: POST https://api.telegram.org/bot8763806870:AAF9ulkIJmeGxlRzDIl4ikWrPYlcKBhZZLk/getUpdates "HTTP/1.1 200 OK"
2026-05-11 09:50:42,312 - httpx - INFO - HTTP Request: POST https://api.telegram.org/bot8763806870:AAF9ulkIJmeGxlRzDIl4ikWrPYlcKBhZZLk/getUpdates "HTTP/1.1 200 OK"
2026-05-11 09:50:45,417 - httpx - INFO - HTTP Request: POST https://api.telegram.org/bot8763806870:AAF9ulkIJmeGxlRzDIl4ikWrPYlcKBhZZLk/getUpdates "HTTP/1.1 409 Conflict"
2026-05-11 09:50:45,418 - telegram.ext.Application - ERROR - No error handlers are registered, logging exception.
Traceback (most recent call last):
  File "C:\Users\User\AppData\Local\Python\pythoncore-3.14-64\Lib\site-packages\telegram\ext\_utils\networkloop.py", line 161, in network_retry_loop
    await do_action()
  File "C:\Users\User\AppData\Local\Python\pythoncore-3.14-64\Lib\site-packages\telegram\ext\_utils\networkloop.py", line 154, in do_action
    action_cb_task.result()
    ~~~~~~~~~~~~~~~~~~~~~^^
  File "C:\Users\User\AppData\Local\Python\pythoncore-3.14-64\Lib\site-packages\telegram\ext\_updater.py", line 340, in polling_action_cb
    updates = await self.bot.get_updates(
              ^^^^^^^^^^^^^^^^^^^^^^^^^^^
    ...<3 lines>...
    )
    ^
  File "C:\Users\User\AppData\Local\Python\pythoncore-3.14-64\Lib\site-packages\telegram\ext\_extbot.py", line 672, in get_updates
    updates = await super().get_updates(
              ^^^^^^^^^^^^^^^^^^^^^^^^^^
    ...<9 lines>...
    )
    ^
  File "C:\Users\User\AppData\Local\Python\pythoncore-3.14-64\Lib\site-packages\telegram\_bot.py", line 4865, in get_updates
    await self._post(
    ^^^^^^^^^^^^^^^^^
    ...<7 lines>...
    ),
    ^
  File "C:\Users\User\AppData\Local\Python\pythoncore-3.14-64\Lib\site-packages\telegram\_bot.py", line 704, in _post
    return await self._do_post(
           ^^^^^^^^^^^^^^^^^^^^
    ...<6 lines>...
    )
    ^
  File "C:\Users\User\AppData\Local\Python\pythoncore-3.14-64\Lib\site-packages\telegram\ext\_extbot.py", line 370, in _do_post
    return await super()._do_post(
           ^^^^^^^^^^^^^^^^^^^^^^^
    ...<6 lines>...
    )
    ^
  File "C:\Users\User\AppData\Local\Python\pythoncore-3.14-64\Lib\site-packages\telegram\_bot.py", line 733, in _do_post
    result = await request.post(
             ^^^^^^^^^^^^^^^^^^^
    ...<6 lines>...
    )
    ^
  File "C:\Users\User\AppData\Local\Python\pythoncore-3.14-64\Lib\site-packages\telegram\request\_baserequest.py", line 198, in post
    result = await self._request_wrapper(
             ^^^^^^^^^^^^^^^^^^^^^^^^^^^^
    ...<7 lines>...
    )
    ^
  File "C:\Users\User\AppData\Local\Python\pythoncore-3.14-64\Lib\site-packages\telegram\request\_baserequest.py", line 375, in _request_wrapper
    raise exception
telegram.error.Conflict: Conflict: terminated by other getUpdates request; make sure that only one bot instance is running
2026-05-11 09:50:56,643 - httpx - INFO - HTTP Request: POST https://api.telegram.org/bot8763806870:AAF9ulkIJmeGxlRzDIl4ikWrPYlcKBhZZLk/getUpdates "HTTP/1.1 200 OK"
2026-05-11 09:51:06,863 - httpx - INFO - HTTP Request: POST https://api.telegram.org/bot8763806870:AAF9ulkIJmeGxlRzDIl4ikWrPYlcKBhZZLk/getUpdates "HTTP/1.1 200 OK"
2026-05-11 09:51:17,065 - httpx - INFO - HTTP Request: POST https://api.telegram.org/bot8763806870:AAF9ulkIJmeGxlRzDIl4ikWrPYlcKBhZZLk/getUpdates "HTTP/1.1 200 OK"
2026-05-11 09:51:20,110 - httpx - INFO - HTTP Request: POST https://api.telegram.org/bot8763806870:AAF9ulkIJmeGxlRzDIl4ikWrPYlcKBhZZLk/getUpdates "HTTP/1.1 409 Conflict"
2026-05-11 09:51:20,111 - telegram.ext.Application - ERROR - No error handlers are registered, logging exception.
Traceback (most recent call last):
  File "C:\Users\User\AppData\Local\Python\pythoncore-3.14-64\Lib\site-packages\telegram\ext\_utils\networkloop.py", line 161, in network_retry_loop
    await do_action()
  File "C:\Users\User\AppData\Local\Python\pythoncore-3.14-64\Lib\site-packages\telegram\ext\_utils\networkloop.py", line 154, in do_action
    action_cb_task.result()
    ~~~~~~~~~~~~~~~~~~~~~^^
  File "C:\Users\User\AppData\Local\Python\pythoncore-3.14-64\Lib\site-packages\telegram\ext\_updater.py", line 340, in polling_action_cb
    updates = await self.bot.get_updates(
              ^^^^^^^^^^^^^^^^^^^^^^^^^^^
    ...<3 lines>...
    )
    ^
  File "C:\Users\User\AppData\Local\Python\pythoncore-3.14-64\Lib\site-packages\telegram\ext\_extbot.py", line 672, in get_updates
    updates = await super().get_updates(
              ^^^^^^^^^^^^^^^^^^^^^^^^^^
    ...<9 lines>...
    )
    ^
  File "C:\Users\User\AppData\Local\Python\pythoncore-3.14-64\Lib\site-packages\telegram\_bot.py", line 4865, in get_updates
    await self._post(
    ^^^^^^^^^^^^^^^^^
    ...<7 lines>...
    ),
    ^
  File "C:\Users\User\AppData\Local\Python\pythoncore-3.14-64\Lib\site-packages\telegram\_bot.py", line 704, in _post
    return await self._do_post(
           ^^^^^^^^^^^^^^^^^^^^
    ...<6 lines>...
    )
    ^
  File "C:\Users\User\AppData\Local\Python\pythoncore-3.14-64\Lib\site-packages\telegram\ext\_extbot.py", line 370, in _do_post
    return await super()._do_post(
           ^^^^^^^^^^^^^^^^^^^^^^^
    ...<6 lines>...
    )
    ^
  File "C:\Users\User\AppData\Local\Python\pythoncore-3.14-64\Lib\site-packages\telegram\_bot.py", line 733, in _do_post
    result = await request.post(
             ^^^^^^^^^^^^^^^^^^^
    ...<6 lines>...
    )
    ^
  File "C:\Users\User\AppData\Local\Python\pythoncore-3.14-64\Lib\site-packages\telegram\request\_baserequest.py", line 198, in post
    result = await self._request_wrapper(
             ^^^^^^^^^^^^^^^^^^^^^^^^^^^^
    ...<7 lines>...
    )
    ^
  File "C:\Users\User\AppData\Local\Python\pythoncore-3.14-64\Lib\site-packages\telegram\request\_baserequest.py", line 375, in _request_wrapper
    raise exception
telegram.error.Conflict: Conflict: terminated by other getUpdates request; make sure that only one bot instance is running
2026-05-11 09:51:31,377 - httpx - INFO - HTTP Request: POST https://api.telegram.org/bot8763806870:AAF9ulkIJmeGxlRzDIl4ikWrPYlcKBhZZLk/getUpdates "HTTP/1.1 200 OK"
2026-05-11 09:51:41,593 - httpx - INFO - HTTP Request: POST https://api.telegram.org/bot8763806870:AAF9ulkIJmeGxlRzDIl4ikWrPYlcKBhZZLk/getUpdates "HTTP/1.1 200 OK"
2026-05-11 09:51:51,795 - httpx - INFO - HTTP Request: POST https://api.telegram.org/bot8763806870:AAF9ulkIJmeGxlRzDIl4ikWrPYlcKBhZZLk/getUpdates "HTTP/1.1 200 OK"
2026-05-11 09:51:54,788 - httpx - INFO - HTTP Request: POST https://api.telegram.org/bot8763806870:AAF9ulkIJmeGxlRzDIl4ikWrPYlcKBhZZLk/getUpdates "HTTP/1.1 409 Conflict"
2026-05-11 09:51:54,789 - telegram.ext.Application - ERROR - No error handlers are registered, logging exception.
Traceback (most recent call last):
  File "C:\Users\User\AppData\Local\Python\pythoncore-3.14-64\Lib\site-packages\telegram\ext\_utils\networkloop.py", line 161, in network_retry_loop
    await do_action()
  File "C:\Users\User\AppData\Local\Python\pythoncore-3.14-64\Lib\site-packages\telegram\ext\_utils\networkloop.py", line 154, in do_action
    action_cb_task.result()
    ~~~~~~~~~~~~~~~~~~~~~^^
  File "C:\Users\User\AppData\Local\Python\pythoncore-3.14-64\Lib\site-packages\telegram\ext\_updater.py", line 340, in polling_action_cb
    updates = await self.bot.get_updates(
              ^^^^^^^^^^^^^^^^^^^^^^^^^^^
    ...<3 lines>...
    )
    ^
  File "C:\Users\User\AppData\Local\Python\pythoncore-3.14-64\Lib\site-packages\telegram\ext\_extbot.py", line 672, in get_updates
    updates = await super().get_updates(
              ^^^^^^^^^^^^^^^^^^^^^^^^^^
    ...<9 lines>...
    )
    ^
  File "C:\Users\User\AppData\Local\Python\pythoncore-3.14-64\Lib\site-packages\telegram\_bot.py", line 4865, in get_updates
    await self._post(
    ^^^^^^^^^^^^^^^^^
    ...<7 lines>...
    ),
    ^
  File "C:\Users\User\AppData\Local\Python\pythoncore-3.14-64\Lib\site-packages\telegram\_bot.py", line 704, in _post
    return await self._do_post(
           ^^^^^^^^^^^^^^^^^^^^
    ...<6 lines>...
    )
    ^
  File "C:\Users\User\AppData\Local\Python\pythoncore-3.14-64\Lib\site-packages\telegram\ext\_extbot.py", line 370, in _do_post
    return await super()._do_post(
           ^^^^^^^^^^^^^^^^^^^^^^^
    ...<6 lines>...
    )
    ^
  File "C:\Users\User\AppData\Local\Python\pythoncore-3.14-64\Lib\site-packages\telegram\_bot.py", line 733, in _do_post
    result = await request.post(
             ^^^^^^^^^^^^^^^^^^^
    ...<6 lines>...
    )
    ^
  File "C:\Users\User\AppData\Local\Python\pythoncore-3.14-64\Lib\site-packages\telegram\request\_baserequest.py", line 198, in post
    result = await self._request_wrapper(
             ^^^^^^^^^^^^^^^^^^^^^^^^^^^^
    ...<7 lines>...
    )
    ^
  File "C:\Users\User\AppData\Local\Python\pythoncore-3.14-64\Lib\site-packages\telegram\request\_baserequest.py", line 375, in _request_wrapper
    raise exception
telegram.error.Conflict: Conflict: terminated by other getUpdates request; make sure that only one bot instance is running
2026-05-11 09:52:06,034 - httpx - INFO - HTTP Request: POST https://api.telegram.org/bot8763806870:AAF9ulkIJmeGxlRzDIl4ikWrPYlcKBhZZLk/getUpdates "HTTP/1.1 200 OK"
2026-05-11 09:52:16,237 - httpx - INFO - HTTP Request: POST https://api.telegram.org/bot8763806870:AAF9ulkIJmeGxlRzDIl4ikWrPYlcKBhZZLk/getUpdates "HTTP/1.1 200 OK"
2026-05-11 09:52:26,438 - httpx - INFO - HTTP Request: POST https://api.telegram.org/bot8763806870:AAF9ulkIJmeGxlRzDIl4ikWrPYlcKBhZZLk/getUpdates "HTTP/1.1 200 OK"
2026-05-11 09:52:26,641 - httpx - INFO - HTTP Request: POST https://api.telegram.org/bot8763806870:AAF9ulkIJmeGxlRzDIl4ikWrPYlcKBhZZLk/getUpdates "HTTP/1.1 200 OK"
2026-05-11 09:52:27,395 - httpx - INFO - HTTP Request: POST https://api.telegram.org/bot8763806870:AAF9ulkIJmeGxlRzDIl4ikWrPYlcKBhZZLk/answerCallbackQuery "HTTP/1.1 200 OK"
2026-05-11 09:52:27,790 - httpx - INFO - HTTP Request: POST https://api.telegram.org/bot8763806870:AAF9ulkIJmeGxlRzDIl4ikWrPYlcKBhZZLk/editMessageText "HTTP/1.1 200 OK"
2026-05-11 09:52:27,791 - scanner - INFO - Mulai scan 50 saham IDX...
2026-05-11 09:52:41,904 - scanner - INFO - Scan selesai: 50 saham, 4 sinyal, top 4 ditampilkan
2026-05-11 09:52:41,907 - httpx - INFO - HTTP Request: POST https://api.telegram.org/bot8763806870:AAF9ulkIJmeGxlRzDIl4ikWrPYlcKBhZZLk/getUpdates "HTTP/1.1 409 Conflict"
2026-05-11 09:52:41,908 - telegram.ext.Application - ERROR - No error handlers are registered, logging exception.
Traceback (most recent call last):
  File "C:\Users\User\AppData\Local\Python\pythoncore-3.14-64\Lib\site-packages\telegram\ext\_utils\networkloop.py", line 161, in network_retry_loop
    await do_action()
  File "C:\Users\User\AppData\Local\Python\pythoncore-3.14-64\Lib\site-packages\telegram\ext\_utils\networkloop.py", line 154, in do_action
    action_cb_task.result()
    ~~~~~~~~~~~~~~~~~~~~~^^
  File "C:\Users\User\AppData\Local\Python\pythoncore-3.14-64\Lib\site-packages\telegram\ext\_updater.py", line 340, in polling_action_cb
    updates = await self.bot.get_updates(
              ^^^^^^^^^^^^^^^^^^^^^^^^^^^
    ...<3 lines>...
    )
    ^
  File "C:\Users\User\AppData\Local\Python\pythoncore-3.14-64\Lib\site-packages\telegram\ext\_extbot.py", line 672, in get_updates
    updates = await super().get_updates(
              ^^^^^^^^^^^^^^^^^^^^^^^^^^
    ...<9 lines>...
    )
    ^
  File "C:\Users\User\AppData\Local\Python\pythoncore-3.14-64\Lib\site-packages\telegram\_bot.py", line 4865, in get_updates
    await self._post(
    ^^^^^^^^^^^^^^^^^
    ...<7 lines>...
    ),
    ^
  File "C:\Users\User\AppData\Local\Python\pythoncore-3.14-64\Lib\site-packages\telegram\_bot.py", line 704, in _post
    return await self._do_post(
           ^^^^^^^^^^^^^^^^^^^^
    ...<6 lines>...
    )
    ^
  File "C:\Users\User\AppData\Local\Python\pythoncore-3.14-64\Lib\site-packages\telegram\ext\_extbot.py", line 370, in _do_post
    return await super()._do_post(
           ^^^^^^^^^^^^^^^^^^^^^^^
    ...<6 lines>...
    )
    ^
  File "C:\Users\User\AppData\Local\Python\pythoncore-3.14-64\Lib\site-packages\telegram\_bot.py", line 733, in _do_post
    result = await request.post(
             ^^^^^^^^^^^^^^^^^^^
    ...<6 lines>...
    )
    ^
  File "C:\Users\User\AppData\Local\Python\pythoncore-3.14-64\Lib\site-packages\telegram\request\_baserequest.py", line 198, in post
    result = await self._request_wrapper(
             ^^^^^^^^^^^^^^^^^^^^^^^^^^^^
    ...<7 lines>...
    )
    ^
  File "C:\Users\User\AppData\Local\Python\pythoncore-3.14-64\Lib\site-packages\telegram\request\_baserequest.py", line 375, in _request_wrapper
    raise exception
telegram.error.Conflict: Conflict: terminated by other getUpdates request; make sure that only one bot instance is running
2026-05-11 09:52:42,703 - httpx - INFO - HTTP Request: POST https://api.telegram.org/bot8763806870:AAF9ulkIJmeGxlRzDIl4ikWrPYlcKBhZZLk/editMessageText "HTTP/1.1 200 OK"
2026-05-11 09:52:47,261 - httpx - INFO - HTTP Request: POST https://api.telegram.org/bot8763806870:AAF9ulkIJmeGxlRzDIl4ikWrPYlcKBhZZLk/getUpdates "HTTP/1.1 409 Conflict"
2026-05-11 09:52:47,262 - telegram.ext.Application - ERROR - No error handlers are registered, logging exception.
Traceback (most recent call last):
  File "C:\Users\User\AppData\Local\Python\pythoncore-3.14-64\Lib\site-packages\telegram\ext\_utils\networkloop.py", line 161, in network_retry_loop
    await do_action()
  File "C:\Users\User\AppData\Local\Python\pythoncore-3.14-64\Lib\site-packages\telegram\ext\_utils\networkloop.py", line 154, in do_action
    action_cb_task.result()
    ~~~~~~~~~~~~~~~~~~~~~^^
  File "C:\Users\User\AppData\Local\Python\pythoncore-3.14-64\Lib\site-packages\telegram\ext\_updater.py", line 340, in polling_action_cb
    updates = await self.bot.get_updates(
              ^^^^^^^^^^^^^^^^^^^^^^^^^^^
    ...<3 lines>...
    )
    ^
  File "C:\Users\User\AppData\Local\Python\pythoncore-3.14-64\Lib\site-packages\telegram\ext\_extbot.py", line 672, in get_updates
    updates = await super().get_updates(
              ^^^^^^^^^^^^^^^^^^^^^^^^^^
    ...<9 lines>...
    )
    ^
  File "C:\Users\User\AppData\Local\Python\pythoncore-3.14-64\Lib\site-packages\telegram\_bot.py", line 4865, in get_updates
    await self._post(
    ^^^^^^^^^^^^^^^^^
    ...<7 lines>...
    ),
    ^
  File "C:\Users\User\AppData\Local\Python\pythoncore-3.14-64\Lib\site-packages\telegram\_bot.py", line 704, in _post
    return await self._do_post(
           ^^^^^^^^^^^^^^^^^^^^
    ...<6 lines>...
    )
    ^
  File "C:\Users\User\AppData\Local\Python\pythoncore-3.14-64\Lib\site-packages\telegram\ext\_extbot.py", line 370, in _do_post
    return await super()._do_post(
           ^^^^^^^^^^^^^^^^^^^^^^^
    ...<6 lines>...
    )
    ^
  File "C:\Users\User\AppData\Local\Python\pythoncore-3.14-64\Lib\site-packages\telegram\_bot.py", line 733, in _do_post
    result = await request.post(
             ^^^^^^^^^^^^^^^^^^^
    ...<6 lines>...
    )
    ^
  File "C:\Users\User\AppData\Local\Python\pythoncore-3.14-64\Lib\site-packages\telegram\request\_baserequest.py", line 198, in post
    result = await self._request_wrapper(
             ^^^^^^^^^^^^^^^^^^^^^^^^^^^^
    ...<7 lines>...
    )
    ^
  File "C:\Users\User\AppData\Local\Python\pythoncore-3.14-64\Lib\site-packages\telegram\request\_baserequest.py", line 375, in _request_wrapper
    raise exception
telegram.error.Conflict: Conflict: terminated by other getUpdates request; make sure that only one bot instance is running
2026-05-11 09:52:53,618 - httpx - INFO - HTTP Request: POST https://api.telegram.org/bot8763806870:AAF9ulkIJmeGxlRzDIl4ikWrPYlcKBhZZLk/getUpdates "HTTP/1.1 409 Conflict"
2026-05-11 09:52:53,620 - telegram.ext.Application - ERROR - No error handlers are registered, logging exception.
Traceback (most recent call last):
  File "C:\Users\User\AppData\Local\Python\pythoncore-3.14-64\Lib\site-packages\telegram\ext\_utils\networkloop.py", line 161, in network_retry_loop
    await do_action()
  File "C:\Users\User\AppData\Local\Python\pythoncore-3.14-64\Lib\site-packages\telegram\ext\_utils\networkloop.py", line 154, in do_action
    action_cb_task.result()
    ~~~~~~~~~~~~~~~~~~~~~^^
  File "C:\Users\User\AppData\Local\Python\pythoncore-3.14-64\Lib\site-packages\telegram\ext\_updater.py", line 340, in polling_action_cb
    updates = await self.bot.get_updates(
              ^^^^^^^^^^^^^^^^^^^^^^^^^^^
    ...<3 lines>...
    )
    ^
  File "C:\Users\User\AppData\Local\Python\pythoncore-3.14-64\Lib\site-packages\telegram\ext\_extbot.py", line 672, in get_updates
    updates = await super().get_updates(
              ^^^^^^^^^^^^^^^^^^^^^^^^^^
    ...<9 lines>...
    )
    ^
  File "C:\Users\User\AppData\Local\Python\pythoncore-3.14-64\Lib\site-packages\telegram\_bot.py", line 4865, in get_updates
    await self._post(
    ^^^^^^^^^^^^^^^^^
    ...<7 lines>...
    ),
    ^
  File "C:\Users\User\AppData\Local\Python\pythoncore-3.14-64\Lib\site-packages\telegram\_bot.py", line 704, in _post
    return await self._do_post(
           ^^^^^^^^^^^^^^^^^^^^
    ...<6 lines>...
    )
    ^
  File "C:\Users\User\AppData\Local\Python\pythoncore-3.14-64\Lib\site-packages\telegram\ext\_extbot.py", line 370, in _do_post
    return await super()._do_post(
           ^^^^^^^^^^^^^^^^^^^^^^^
    ...<6 lines>...
    )
    ^
  File "C:\Users\User\AppData\Local\Python\pythoncore-3.14-64\Lib\site-packages\telegram\_bot.py", line 733, in _do_post
    result = await request.post(
             ^^^^^^^^^^^^^^^^^^^
    ...<6 lines>...
    )
    ^
  File "C:\Users\User\AppData\Local\Python\pythoncore-3.14-64\Lib\site-packages\telegram\request\_baserequest.py", line 198, in post
    result = await self._request_wrapper(
             ^^^^^^^^^^^^^^^^^^^^^^^^^^^^
    ...<7 lines>...
    )
    ^
  File "C:\Users\User\AppData\Local\Python\pythoncore-3.14-64\Lib\site-packages\telegram\request\_baserequest.py", line 375, in _request_wrapper
    raise exception
telegram.error.Conflict: Conflict: terminated by other getUpdates request; make sure that only one bot instance is running
2026-05-11 09:53:01,469 - httpx - INFO - HTTP Request: POST https://api.telegram.org/bot8763806870:AAF9ulkIJmeGxlRzDIl4ikWrPYlcKBhZZLk/getUpdates "HTTP/1.1 409 Conflict"
2026-05-11 09:53:01,470 - telegram.ext.Application - ERROR - No error handlers are registered, logging exception.
Traceback (most recent call last):
  File "C:\Users\User\AppData\Local\Python\pythoncore-3.14-64\Lib\site-packages\telegram\ext\_utils\networkloop.py", line 161, in network_retry_loop
    await do_action()
  File "C:\Users\User\AppData\Local\Python\pythoncore-3.14-64\Lib\site-packages\telegram\ext\_utils\networkloop.py", line 154, in do_action
    action_cb_task.result()
    ~~~~~~~~~~~~~~~~~~~~~^^
  File "C:\Users\User\AppData\Local\Python\pythoncore-3.14-64\Lib\site-packages\telegram\ext\_updater.py", line 340, in polling_action_cb
    updates = await self.bot.get_updates(
              ^^^^^^^^^^^^^^^^^^^^^^^^^^^
    ...<3 lines>...
    )
    ^
  File "C:\Users\User\AppData\Local\Python\pythoncore-3.14-64\Lib\site-packages\telegram\ext\_extbot.py", line 672, in get_updates
    updates = await super().get_updates(
              ^^^^^^^^^^^^^^^^^^^^^^^^^^
    ...<9 lines>...
    )
    ^
  File "C:\Users\User\AppData\Local\Python\pythoncore-3.14-64\Lib\site-packages\telegram\_bot.py", line 4865, in get_updates
    await self._post(
    ^^^^^^^^^^^^^^^^^
    ...<7 lines>...
    ),
    ^
  File "C:\Users\User\AppData\Local\Python\pythoncore-3.14-64\Lib\site-packages\telegram\_bot.py", line 704, in _post
    return await self._do_post(
           ^^^^^^^^^^^^^^^^^^^^
    ...<6 lines>...
    )
    ^
  File "C:\Users\User\AppData\Local\Python\pythoncore-3.14-64\Lib\site-packages\telegram\ext\_extbot.py", line 370, in _do_post
    return await super()._do_post(
           ^^^^^^^^^^^^^^^^^^^^^^^
    ...<6 lines>...
    )
    ^
  File "C:\Users\User\AppData\Local\Python\pythoncore-3.14-64\Lib\site-packages\telegram\_bot.py", line 733, in _do_post
    result = await request.post(
             ^^^^^^^^^^^^^^^^^^^
    ...<6 lines>...
    )
    ^
  File "C:\Users\User\AppData\Local\Python\pythoncore-3.14-64\Lib\site-packages\telegram\request\_baserequest.py", line 198, in post
    result = await self._request_wrapper(
             ^^^^^^^^^^^^^^^^^^^^^^^^^^^^
    ...<7 lines>...
    )
    ^
  File "C:\Users\User\AppData\Local\Python\pythoncore-3.14-64\Lib\site-packages\telegram\request\_baserequest.py", line 375, in _request_wrapper
    raise exception
telegram.error.Conflict: Conflict: terminated by other getUpdates request; make sure that only one bot instance is running
2026-05-11 09:53:08,574 - httpx - INFO - HTTP Request: POST https://api.telegram.org/bot8763806870:AAF9ulkIJmeGxlRzDIl4ikWrPYlcKBhZZLk/getUpdates "HTTP/1.1 409 Conflict"
2026-05-11 09:53:08,575 - telegram.ext.Application - ERROR - No error handlers are registered, logging exception.
Traceback (most recent call last):
  File "C:\Users\User\AppData\Local\Python\pythoncore-3.14-64\Lib\site-packages\telegram\ext\_utils\networkloop.py", line 161, in network_retry_loop
    await do_action()
  File "C:\Users\User\AppData\Local\Python\pythoncore-3.14-64\Lib\site-packages\telegram\ext\_utils\networkloop.py", line 154, in do_action
    action_cb_task.result()
    ~~~~~~~~~~~~~~~~~~~~~^^
  File "C:\Users\User\AppData\Local\Python\pythoncore-3.14-64\Lib\site-packages\telegram\ext\_updater.py", line 340, in polling_action_cb
    updates = await self.bot.get_updates(
              ^^^^^^^^^^^^^^^^^^^^^^^^^^^
    ...<3 lines>...
    )
    ^
  File "C:\Users\User\AppData\Local\Python\pythoncore-3.14-64\Lib\site-packages\telegram\ext\_extbot.py", line 672, in get_updates
    updates = await super().get_updates(
              ^^^^^^^^^^^^^^^^^^^^^^^^^^
    ...<9 lines>...
    )
    ^
  File "C:\Users\User\AppData\Local\Python\pythoncore-3.14-64\Lib\site-packages\telegram\_bot.py", line 4865, in get_updates
    await self._post(
    ^^^^^^^^^^^^^^^^^
    ...<7 lines>...
    ),
    ^
  File "C:\Users\User\AppData\Local\Python\pythoncore-3.14-64\Lib\site-packages\telegram\_bot.py", line 704, in _post
    return await self._do_post(
           ^^^^^^^^^^^^^^^^^^^^
    ...<6 lines>...
    )
    ^
  File "C:\Users\User\AppData\Local\Python\pythoncore-3.14-64\Lib\site-packages\telegram\ext\_extbot.py", line 370, in _do_post
    return await super()._do_post(
           ^^^^^^^^^^^^^^^^^^^^^^^
    ...<6 lines>...
    )
    ^
  File "C:\Users\User\AppData\Local\Python\pythoncore-3.14-64\Lib\site-packages\telegram\_bot.py", line 733, in _do_post
    result = await request.post(
             ^^^^^^^^^^^^^^^^^^^
    ...<6 lines>...
    )
    ^
  File "C:\Users\User\AppData\Local\Python\pythoncore-3.14-64\Lib\site-packages\telegram\request\_baserequest.py", line 198, in post
    result = await self._request_wrapper(
             ^^^^^^^^^^^^^^^^^^^^^^^^^^^^
    ...<7 lines>...
    )
    ^
  File "C:\Users\User\AppData\Local\Python\pythoncore-3.14-64\Lib\site-packages\telegram\request\_baserequest.py", line 375, in _request_wrapper
    raise exception
telegram.error.Conflict: Conflict: terminated by other getUpdates request; make sure that only one bot instance is running
2026-05-11 09:53:19,740 - httpx - INFO - HTTP Request: POST https://api.telegram.org/bot8763806870:AAF9ulkIJmeGxlRzDIl4ikWrPYlcKBhZZLk/getUpdates "HTTP/1.1 409 Conflict"
2026-05-11 09:53:19,741 - telegram.ext.Application - ERROR - No error handlers are registered, logging exception.
Traceback (most recent call last):
  File "C:\Users\User\AppData\Local\Python\pythoncore-3.14-64\Lib\site-packages\telegram\ext\_utils\networkloop.py", line 161, in network_retry_loop
    await do_action()
  File "C:\Users\User\AppData\Local\Python\pythoncore-3.14-64\Lib\site-packages\telegram\ext\_utils\networkloop.py", line 154, in do_action
    action_cb_task.result()
    ~~~~~~~~~~~~~~~~~~~~~^^
  File "C:\Users\User\AppData\Local\Python\pythoncore-3.14-64\Lib\site-packages\telegram\ext\_updater.py", line 340, in polling_action_cb
    updates = await self.bot.get_updates(
              ^^^^^^^^^^^^^^^^^^^^^^^^^^^
    ...<3 lines>...
    )
    ^
  File "C:\Users\User\AppData\Local\Python\pythoncore-3.14-64\Lib\site-packages\telegram\ext\_extbot.py", line 672, in get_updates
    updates = await super().get_updates(
              ^^^^^^^^^^^^^^^^^^^^^^^^^^
    ...<9 lines>...
    )
    ^
  File "C:\Users\User\AppData\Local\Python\pythoncore-3.14-64\Lib\site-packages\telegram\_bot.py", line 4865, in get_updates
    await self._post(
    ^^^^^^^^^^^^^^^^^
    ...<7 lines>...
    ),
    ^
  File "C:\Users\User\AppData\Local\Python\pythoncore-3.14-64\Lib\site-packages\telegram\_bot.py", line 704, in _post
    return await self._do_post(
           ^^^^^^^^^^^^^^^^^^^^
    ...<6 lines>...
    )
    ^
  File "C:\Users\User\AppData\Local\Python\pythoncore-3.14-64\Lib\site-packages\telegram\ext\_extbot.py", line 370, in _do_post
    return await super()._do_post(
           ^^^^^^^^^^^^^^^^^^^^^^^
    ...<6 lines>...
    )
    ^
  File "C:\Users\User\AppData\Local\Python\pythoncore-3.14-64\Lib\site-packages\telegram\_bot.py", line 733, in _do_post
    result = await request.post(
             ^^^^^^^^^^^^^^^^^^^
    ...<6 lines>...
    )
    ^
  File "C:\Users\User\AppData\Local\Python\pythoncore-3.14-64\Lib\site-packages\telegram\request\_baserequest.py", line 198, in post
    result = await self._request_wrapper(
             ^^^^^^^^^^^^^^^^^^^^^^^^^^^^
    ...<7 lines>...
    )
    ^
  File "C:\Users\User\AppData\Local\Python\pythoncore-3.14-64\Lib\site-packages\telegram\request\_baserequest.py", line 375, in _request_wrapper
    raise exception
telegram.error.Conflict: Conflict: terminated by other getUpdates request; make sure that only one bot instance is running
2026-05-11 09:53:35,992 - httpx - INFO - HTTP Request: POST https://api.telegram.org/bot8763806870:AAF9ulkIJmeGxlRzDIl4ikWrPYlcKBhZZLk/getUpdates "HTTP/1.1 409 Conflict"
2026-05-11 09:53:35,994 - telegram.ext.Application - ERROR - No error handlers are registered, logging exception.
Traceback (most recent call last):
  File "C:\Users\User\AppData\Local\Python\pythoncore-3.14-64\Lib\site-packages\telegram\ext\_utils\networkloop.py", line 161, in network_retry_loop
    await do_action()
  File "C:\Users\User\AppData\Local\Python\pythoncore-3.14-64\Lib\site-packages\telegram\ext\_utils\networkloop.py", line 154, in do_action
    action_cb_task.result()
    ~~~~~~~~~~~~~~~~~~~~~^^
  File "C:\Users\User\AppData\Local\Python\pythoncore-3.14-64\Lib\site-packages\telegram\ext\_updater.py", line 340, in polling_action_cb
    updates = await self.bot.get_updates(
              ^^^^^^^^^^^^^^^^^^^^^^^^^^^
    ...<3 lines>...
    )
    ^
  File "C:\Users\User\AppData\Local\Python\pythoncore-3.14-64\Lib\site-packages\telegram\ext\_extbot.py", line 672, in get_updates
    updates = await super().get_updates(
              ^^^^^^^^^^^^^^^^^^^^^^^^^^
    ...<9 lines>...
    )
    ^
  File "C:\Users\User\AppData\Local\Python\pythoncore-3.14-64\Lib\site-packages\telegram\_bot.py", line 4865, in get_updates
    await self._post(
    ^^^^^^^^^^^^^^^^^
    ...<7 lines>...
    ),
    ^
  File "C:\Users\User\AppData\Local\Python\pythoncore-3.14-64\Lib\site-packages\telegram\_bot.py", line 704, in _post
    return await self._do_post(
           ^^^^^^^^^^^^^^^^^^^^
    ...<6 lines>...
    )
    ^
  File "C:\Users\User\AppData\Local\Python\pythoncore-3.14-64\Lib\site-packages\telegram\ext\_extbot.py", line 370, in _do_post
    return await super()._do_post(
           ^^^^^^^^^^^^^^^^^^^^^^^
    ...<6 lines>...
    )
    ^
  File "C:\Users\User\AppData\Local\Python\pythoncore-3.14-64\Lib\site-packages\telegram\_bot.py", line 733, in _do_post
    result = await request.post(
             ^^^^^^^^^^^^^^^^^^^
    ...<6 lines>...
    )
    ^
  File "C:\Users\User\AppData\Local\Python\pythoncore-3.14-64\Lib\site-packages\telegram\request\_baserequest.py", line 198, in post
    result = await self._request_wrapper(
             ^^^^^^^^^^^^^^^^^^^^^^^^^^^^
    ...<7 lines>...
    )
    ^
  File "C:\Users\User\AppData\Local\Python\pythoncore-3.14-64\Lib\site-packages\telegram\request\_baserequest.py", line 375, in _request_wrapper
    raise exception
telegram.error.Conflict: Conflict: terminated by other getUpdates request; make sure that only one bot instance is running
2026-05-11 09:53:52,101 - httpx - INFO - HTTP Request: POST https://api.telegram.org/bot8763806870:AAF9ulkIJmeGxlRzDIl4ikWrPYlcKBhZZLk/getUpdates "HTTP/1.1 409 Conflict"
2026-05-11 09:53:52,103 - telegram.ext.Application - ERROR - No error handlers are registered, logging exception.
Traceback (most recent call last):
  File "C:\Users\User\AppData\Local\Python\pythoncore-3.14-64\Lib\site-packages\telegram\ext\_utils\networkloop.py", line 161, in network_retry_loop
    await do_action()
  File "C:\Users\User\AppData\Local\Python\pythoncore-3.14-64\Lib\site-packages\telegram\ext\_utils\networkloop.py", line 154, in do_action
    action_cb_task.result()
    ~~~~~~~~~~~~~~~~~~~~~^^
  File "C:\Users\User\AppData\Local\Python\pythoncore-3.14-64\Lib\site-packages\telegram\ext\_updater.py", line 340, in polling_action_cb
    updates = await self.bot.get_updates(
              ^^^^^^^^^^^^^^^^^^^^^^^^^^^
    ...<3 lines>...
    )
    ^
  File "C:\Users\User\AppData\Local\Python\pythoncore-3.14-64\Lib\site-packages\telegram\ext\_extbot.py", line 672, in get_updates
    updates = await super().get_updates(
              ^^^^^^^^^^^^^^^^^^^^^^^^^^
    ...<9 lines>...
    )
    ^
  File "C:\Users\User\AppData\Local\Python\pythoncore-3.14-64\Lib\site-packages\telegram\_bot.py", line 4865, in get_updates
    await self._post(
    ^^^^^^^^^^^^^^^^^
    ...<7 lines>...
    ),
    ^
  File "C:\Users\User\AppData\Local\Python\pythoncore-3.14-64\Lib\site-packages\telegram\_bot.py", line 704, in _post
    return await self._do_post(
           ^^^^^^^^^^^^^^^^^^^^
    ...<6 lines>...
    )
    ^
  File "C:\Users\User\AppData\Local\Python\pythoncore-3.14-64\Lib\site-packages\telegram\ext\_extbot.py", line 370, in _do_post
    return await super()._do_post(
           ^^^^^^^^^^^^^^^^^^^^^^^
    ...<6 lines>...
    )
    ^
  File "C:\Users\User\AppData\Local\Python\pythoncore-3.14-64\Lib\site-packages\telegram\_bot.py", line 733, in _do_post
    result = await request.post(
             ^^^^^^^^^^^^^^^^^^^
    ...<6 lines>...
    )
    ^
  File "C:\Users\User\AppData\Local\Python\pythoncore-3.14-64\Lib\site-packages\telegram\request\_baserequest.py", line 198, in post
    result = await self._request_wrapper(
             ^^^^^^^^^^^^^^^^^^^^^^^^^^^^
    ...<7 lines>...
    )
    ^
  File "C:\Users\User\AppData\Local\Python\pythoncore-3.14-64\Lib\site-packages\telegram\request\_baserequest.py", line 375, in _request_wrapper
    raise exception
telegram.error.Conflict: Conflict: terminated by other getUpdates request; make sure that only one bot instance is running
2026-05-11 09:54:13,902 - httpx - INFO - HTTP Request: POST https://api.telegram.org/bot8763806870:AAF9ulkIJmeGxlRzDIl4ikWrPYlcKBhZZLk/getUpdates "HTTP/1.1 409 Conflict"
2026-05-11 09:54:13,903 - telegram.ext.Application - ERROR - No error handlers are registered, logging exception.
Traceback (most recent call last):
  File "C:\Users\User\AppData\Local\Python\pythoncore-3.14-64\Lib\site-packages\telegram\ext\_utils\networkloop.py", line 161, in network_retry_loop
    await do_action()
  File "C:\Users\User\AppData\Local\Python\pythoncore-3.14-64\Lib\site-packages\telegram\ext\_utils\networkloop.py", line 154, in do_action
    action_cb_task.result()
    ~~~~~~~~~~~~~~~~~~~~~^^
  File "C:\Users\User\AppData\Local\Python\pythoncore-3.14-64\Lib\site-packages\telegram\ext\_updater.py", line 340, in polling_action_cb
    updates = await self.bot.get_updates(
              ^^^^^^^^^^^^^^^^^^^^^^^^^^^
    ...<3 lines>...
    )
    ^
  File "C:\Users\User\AppData\Local\Python\pythoncore-3.14-64\Lib\site-packages\telegram\ext\_extbot.py", line 672, in get_updates
    updates = await super().get_updates(
              ^^^^^^^^^^^^^^^^^^^^^^^^^^
    ...<9 lines>...
    )
    ^
  File "C:\Users\User\AppData\Local\Python\pythoncore-3.14-64\Lib\site-packages\telegram\_bot.py", line 4865, in get_updates
    await self._post(
    ^^^^^^^^^^^^^^^^^
    ...<7 lines>...
    ),
    ^
  File "C:\Users\User\AppData\Local\Python\pythoncore-3.14-64\Lib\site-packages\telegram\_bot.py", line 704, in _post
    return await self._do_post(
           ^^^^^^^^^^^^^^^^^^^^
    ...<6 lines>...
    )
    ^
  File "C:\Users\User\AppData\Local\Python\pythoncore-3.14-64\Lib\site-packages\telegram\ext\_extbot.py", line 370, in _do_post
    return await super()._do_post(
           ^^^^^^^^^^^^^^^^^^^^^^^
    ...<6 lines>...
    )
    ^
  File "C:\Users\User\AppData\Local\Python\pythoncore-3.14-64\Lib\site-packages\telegram\_bot.py", line 733, in _do_post
    result = await request.post(
             ^^^^^^^^^^^^^^^^^^^
    ...<6 lines>...
    )
    ^
  File "C:\Users\User\AppData\Local\Python\pythoncore-3.14-64\Lib\site-packages\telegram\request\_baserequest.py", line 198, in post
    result = await self._request_wrapper(
             ^^^^^^^^^^^^^^^^^^^^^^^^^^^^
    ...<7 lines>...
    )
    ^
  File "C:\Users\User\AppData\Local\Python\pythoncore-3.14-64\Lib\site-packages\telegram\request\_baserequest.py", line 375, in _request_wrapper
    raise exception
telegram.error.Conflict: Conflict: terminated by other getUpdates request; make sure that only one bot instance is running
2026-05-11 09:54:44,294 - httpx - INFO - HTTP Request: POST https://api.telegram.org/bot8763806870:AAF9ulkIJmeGxlRzDIl4ikWrPYlcKBhZZLk/getUpdates "HTTP/1.1 409 Conflict"
2026-05-11 09:54:44,296 - telegram.ext.Application - ERROR - No error handlers are registered, logging exception.
Traceback (most recent call last):
  File "C:\Users\User\AppData\Local\Python\pythoncore-3.14-64\Lib\site-packages\telegram\ext\_utils\networkloop.py", line 161, in network_retry_loop
    await do_action()
  File "C:\Users\User\AppData\Local\Python\pythoncore-3.14-64\Lib\site-packages\telegram\ext\_utils\networkloop.py", line 154, in do_action
    action_cb_task.result()
    ~~~~~~~~~~~~~~~~~~~~~^^
  File "C:\Users\User\AppData\Local\Python\pythoncore-3.14-64\Lib\site-packages\telegram\ext\_updater.py", line 340, in polling_action_cb
    updates = await self.bot.get_updates(
              ^^^^^^^^^^^^^^^^^^^^^^^^^^^
    ...<3 lines>...
    )
    ^
  File "C:\Users\User\AppData\Local\Python\pythoncore-3.14-64\Lib\site-packages\telegram\ext\_extbot.py", line 672, in get_updates
    updates = await super().get_updates(
              ^^^^^^^^^^^^^^^^^^^^^^^^^^
    ...<9 lines>...
    )
    ^
  File "C:\Users\User\AppData\Local\Python\pythoncore-3.14-64\Lib\site-packages\telegram\_bot.py", line 4865, in get_updates
    await self._post(
    ^^^^^^^^^^^^^^^^^
    ...<7 lines>...
    ),
    ^
  File "C:\Users\User\AppData\Local\Python\pythoncore-3.14-64\Lib\site-packages\telegram\_bot.py", line 704, in _post
    return await self._do_post(
           ^^^^^^^^^^^^^^^^^^^^
    ...<6 lines>...
    )
    ^
  File "C:\Users\User\AppData\Local\Python\pythoncore-3.14-64\Lib\site-packages\telegram\ext\_extbot.py", line 370, in _do_post
    return await super()._do_post(
           ^^^^^^^^^^^^^^^^^^^^^^^
    ...<6 lines>...
    )
    ^
  File "C:\Users\User\AppData\Local\Python\pythoncore-3.14-64\Lib\site-packages\telegram\_bot.py", line 733, in _do_post
    result = await request.post(
             ^^^^^^^^^^^^^^^^^^^
    ...<6 lines>...
    )
    ^
  File "C:\Users\User\AppData\Local\Python\pythoncore-3.14-64\Lib\site-packages\telegram\request\_baserequest.py", line 198, in post
    result = await self._request_wrapper(
             ^^^^^^^^^^^^^^^^^^^^^^^^^^^^
    ...<7 lines>...
    )
    ^
  File "C:\Users\User\AppData\Local\Python\pythoncore-3.14-64\Lib\site-packages\telegram\request\_baserequest.py", line 375, in _request_wrapper
    raise exception
telegram.error.Conflict: Conflict: terminated by other getUpdates request; make sure that only one bot instance is running
2026-05-11 09:55:19,070 - httpx - INFO - HTTP Request: POST https://api.telegram.org/bot8763806870:AAF9ulkIJmeGxlRzDIl4ikWrPYlcKBhZZLk/getUpdates "HTTP/1.1 409 Conflict"
2026-05-11 09:55:19,072 - telegram.ext.Application - ERROR - No error handlers are registered, logging exception.
Traceback (most recent call last):
  File "C:\Users\User\AppData\Local\Python\pythoncore-3.14-64\Lib\site-packages\telegram\ext\_utils\networkloop.py", line 161, in network_retry_loop
    await do_action()
  File "C:\Users\User\AppData\Local\Python\pythoncore-3.14-64\Lib\site-packages\telegram\ext\_utils\networkloop.py", line 154, in do_action
    action_cb_task.result()
    ~~~~~~~~~~~~~~~~~~~~~^^
  File "C:\Users\User\AppData\Local\Python\pythoncore-3.14-64\Lib\site-packages\telegram\ext\_updater.py", line 340, in polling_action_cb
    updates = await self.bot.get_updates(
              ^^^^^^^^^^^^^^^^^^^^^^^^^^^
    ...<3 lines>...
    )
    ^
  File "C:\Users\User\AppData\Local\Python\pythoncore-3.14-64\Lib\site-packages\telegram\ext\_extbot.py", line 672, in get_updates
    updates = await super().get_updates(
              ^^^^^^^^^^^^^^^^^^^^^^^^^^
    ...<9 lines>...
    )
    ^
  File "C:\Users\User\AppData\Local\Python\pythoncore-3.14-64\Lib\site-packages\telegram\_bot.py", line 4865, in get_updates
    await self._post(
    ^^^^^^^^^^^^^^^^^
    ...<7 lines>...
    ),
    ^
  File "C:\Users\User\AppData\Local\Python\pythoncore-3.14-64\Lib\site-packages\telegram\_bot.py", line 704, in _post
    return await self._do_post(
           ^^^^^^^^^^^^^^^^^^^^
    ...<6 lines>...
    )
    ^
  File "C:\Users\User\AppData\Local\Python\pythoncore-3.14-64\Lib\site-packages\telegram\ext\_extbot.py", line 370, in _do_post
    return await super()._do_post(
           ^^^^^^^^^^^^^^^^^^^^^^^
    ...<6 lines>...
    )
    ^
  File "C:\Users\User\AppData\Local\Python\pythoncore-3.14-64\Lib\site-packages\telegram\_bot.py", line 733, in _do_post
    result = await request.post(
             ^^^^^^^^^^^^^^^^^^^
    ...<6 lines>...
    )
    ^
  File "C:\Users\User\AppData\Local\Python\pythoncore-3.14-64\Lib\site-packages\telegram\request\_baserequest.py", line 198, in post
    result = await self._request_wrapper(
             ^^^^^^^^^^^^^^^^^^^^^^^^^^^^
    ...<7 lines>...
    )
    ^
  File "C:\Users\User\AppData\Local\Python\pythoncore-3.14-64\Lib\site-packages\telegram\request\_baserequest.py", line 375, in _request_wrapper
    raise exception
telegram.error.Conflict: Conflict: terminated by other getUpdates request; make sure that only one bot instance is running
2026-05-11 09:55:53,815 - httpx - INFO - HTTP Request: POST https://api.telegram.org/bot8763806870:AAF9ulkIJmeGxlRzDIl4ikWrPYlcKBhZZLk/getUpdates "HTTP/1.1 409 Conflict"
2026-05-11 09:55:53,817 - telegram.ext.Application - ERROR - No error handlers are registered, logging exception.
Traceback (most recent call last):
  File "C:\Users\User\AppData\Local\Python\pythoncore-3.14-64\Lib\site-packages\telegram\ext\_utils\networkloop.py", line 161, in network_retry_loop
    await do_action()
  File "C:\Users\User\AppData\Local\Python\pythoncore-3.14-64\Lib\site-packages\telegram\ext\_utils\networkloop.py", line 154, in do_action
    action_cb_task.result()
    ~~~~~~~~~~~~~~~~~~~~~^^
  File "C:\Users\User\AppData\Local\Python\pythoncore-3.14-64\Lib\site-packages\telegram\ext\_updater.py", line 340, in polling_action_cb
    updates = await self.bot.get_updates(
              ^^^^^^^^^^^^^^^^^^^^^^^^^^^
    ...<3 lines>...
    )
    ^
  File "C:\Users\User\AppData\Local\Python\pythoncore-3.14-64\Lib\site-packages\telegram\ext\_extbot.py", line 672, in get_updates
    updates = await super().get_updates(
              ^^^^^^^^^^^^^^^^^^^^^^^^^^
    ...<9 lines>...
    )
    ^
  File "C:\Users\User\AppData\Local\Python\pythoncore-3.14-64\Lib\site-packages\telegram\_bot.py", line 4865, in get_updates
    await self._post(
    ^^^^^^^^^^^^^^^^^
    ...<7 lines>...
    ),
    ^
  File "C:\Users\User\AppData\Local\Python\pythoncore-3.14-64\Lib\site-packages\telegram\_bot.py", line 704, in _post
    return await self._do_post(
           ^^^^^^^^^^^^^^^^^^^^
    ...<6 lines>...
    )
    ^
  File "C:\Users\User\AppData\Local\Python\pythoncore-3.14-64\Lib\site-packages\telegram\ext\_extbot.py", line 370, in _do_post
    return await super()._do_post(
           ^^^^^^^^^^^^^^^^^^^^^^^
    ...<6 lines>...
    )
    ^
  File "C:\Users\User\AppData\Local\Python\pythoncore-3.14-64\Lib\site-packages\telegram\_bot.py", line 733, in _do_post
    result = await request.post(
             ^^^^^^^^^^^^^^^^^^^
    ...<6 lines>...
    )
    ^
  File "C:\Users\User\AppData\Local\Python\pythoncore-3.14-64\Lib\site-packages\telegram\request\_baserequest.py", line 198, in post
    result = await self._request_wrapper(
             ^^^^^^^^^^^^^^^^^^^^^^^^^^^^
    ...<7 lines>...
    )
    ^
  File "C:\Users\User\AppData\Local\Python\pythoncore-3.14-64\Lib\site-packages\telegram\request\_baserequest.py", line 375, in _request_wrapper
    raise exception
telegram.error.Conflict: Conflict: terminated by other getUpdates request; make sure that only one bot instance is running
2026-05-11 09:56:28,536 - httpx - INFO - HTTP Request: POST https://api.telegram.org/bot8763806870:AAF9ulkIJmeGxlRzDIl4ikWrPYlcKBhZZLk/getUpdates "HTTP/1.1 409 Conflict"
2026-05-11 09:56:28,537 - telegram.ext.Application - ERROR - No error handlers are registered, logging exception.
Traceback (most recent call last):
  File "C:\Users\User\AppData\Local\Python\pythoncore-3.14-64\Lib\site-packages\telegram\ext\_utils\networkloop.py", line 161, in network_retry_loop
    await do_action()
  File "C:\Users\User\AppData\Local\Python\pythoncore-3.14-64\Lib\site-packages\telegram\ext\_utils\networkloop.py", line 154, in do_action
    action_cb_task.result()
    ~~~~~~~~~~~~~~~~~~~~~^^
  File "C:\Users\User\AppData\Local\Python\pythoncore-3.14-64\Lib\site-packages\telegram\ext\_updater.py", line 340, in polling_action_cb
    updates = await self.bot.get_updates(
              ^^^^^^^^^^^^^^^^^^^^^^^^^^^
    ...<3 lines>...
    )
    ^
  File "C:\Users\User\AppData\Local\Python\pythoncore-3.14-64\Lib\site-packages\telegram\ext\_extbot.py", line 672, in get_updates
    updates = await super().get_updates(
              ^^^^^^^^^^^^^^^^^^^^^^^^^^
    ...<9 lines>...
    )
    ^
  File "C:\Users\User\AppData\Local\Python\pythoncore-3.14-64\Lib\site-packages\telegram\_bot.py", line 4865, in get_updates
    await self._post(
    ^^^^^^^^^^^^^^^^^
    ...<7 lines>...
    ),
    ^
  File "C:\Users\User\AppData\Local\Python\pythoncore-3.14-64\Lib\site-packages\telegram\_bot.py", line 704, in _post
    return await self._do_post(
           ^^^^^^^^^^^^^^^^^^^^
    ...<6 lines>...
    )
    ^
  File "C:\Users\User\AppData\Local\Python\pythoncore-3.14-64\Lib\site-packages\telegram\ext\_extbot.py", line 370, in _do_post
    return await super()._do_post(
           ^^^^^^^^^^^^^^^^^^^^^^^
    ...<6 lines>...
    )
    ^
  File "C:\Users\User\AppData\Local\Python\pythoncore-3.14-64\Lib\site-packages\telegram\_bot.py", line 733, in _do_post
    result = await request.post(
             ^^^^^^^^^^^^^^^^^^^
    ...<6 lines>...
    )
    ^
  File "C:\Users\User\AppData\Local\Python\pythoncore-3.14-64\Lib\site-packages\telegram\request\_baserequest.py", line 198, in post
    result = await self._request_wrapper(
             ^^^^^^^^^^^^^^^^^^^^^^^^^^^^
    ...<7 lines>...
    )
    ^
  File "C:\Users\User\AppData\Local\Python\pythoncore-3.14-64\Lib\site-packages\telegram\request\_baserequest.py", line 375, in _request_wrapper
    raise exception
telegram.error.Conflict: Conflict: terminated by other getUpdates request; make sure that only one bot instance is running
2026-05-11 09:57:03,301 - httpx - INFO - HTTP Request: POST https://api.telegram.org/bot8763806870:AAF9ulkIJmeGxlRzDIl4ikWrPYlcKBhZZLk/getUpdates "HTTP/1.1 409 Conflict"
2026-05-11 09:57:03,303 - telegram.ext.Application - ERROR - No error handlers are registered, logging exception.
Traceback (most recent call last):
  File "C:\Users\User\AppData\Local\Python\pythoncore-3.14-64\Lib\site-packages\telegram\ext\_utils\networkloop.py", line 161, in network_retry_loop
    await do_action()
  File "C:\Users\User\AppData\Local\Python\pythoncore-3.14-64\Lib\site-packages\telegram\ext\_utils\networkloop.py", line 154, in do_action
    action_cb_task.result()
    ~~~~~~~~~~~~~~~~~~~~~^^
  File "C:\Users\User\AppData\Local\Python\pythoncore-3.14-64\Lib\site-packages\telegram\ext\_updater.py", line 340, in polling_action_cb
    updates = await self.bot.get_updates(
              ^^^^^^^^^^^^^^^^^^^^^^^^^^^
    ...<3 lines>...
    )
    ^
  File "C:\Users\User\AppData\Local\Python\pythoncore-3.14-64\Lib\site-packages\telegram\ext\_extbot.py", line 672, in get_updates
    updates = await super().get_updates(
              ^^^^^^^^^^^^^^^^^^^^^^^^^^
    ...<9 lines>...
    )
    ^
  File "C:\Users\User\AppData\Local\Python\pythoncore-3.14-64\Lib\site-packages\telegram\_bot.py", line 4865, in get_updates
    await self._post(
    ^^^^^^^^^^^^^^^^^
    ...<7 lines>...
    ),
    ^
  File "C:\Users\User\AppData\Local\Python\pythoncore-3.14-64\Lib\site-packages\telegram\_bot.py", line 704, in _post
    return await self._do_post(
           ^^^^^^^^^^^^^^^^^^^^
    ...<6 lines>...
    )
    ^
  File "C:\Users\User\AppData\Local\Python\pythoncore-3.14-64\Lib\site-packages\telegram\ext\_extbot.py", line 370, in _do_post
    return await super()._do_post(
           ^^^^^^^^^^^^^^^^^^^^^^^
    ...<6 lines>...
    )
    ^
  File "C:\Users\User\AppData\Local\Python\pythoncore-3.14-64\Lib\site-packages\telegram\_bot.py", line 733, in _do_post
    result = await request.post(
             ^^^^^^^^^^^^^^^^^^^
    ...<6 lines>...
    )
    ^
  File "C:\Users\User\AppData\Local\Python\pythoncore-3.14-64\Lib\site-packages\telegram\request\_baserequest.py", line 198, in post
    result = await self._request_wrapper(
             ^^^^^^^^^^^^^^^^^^^^^^^^^^^^
    ...<7 lines>...
    )
    ^
  File "C:\Users\User\AppData\Local\Python\pythoncore-3.14-64\Lib\site-packages\telegram\request\_baserequest.py", line 375, in _request_wrapper
    raise exception
telegram.error.Conflict: Conflict: terminated by other getUpdates request; make sure that only one bot instance is running
2026-05-11 09:57:38,088 - httpx - INFO - HTTP Request: POST https://api.telegram.org/bot8763806870:AAF9ulkIJmeGxlRzDIl4ikWrPYlcKBhZZLk/getUpdates "HTTP/1.1 409 Conflict"
2026-05-11 09:57:38,089 - telegram.ext.Application - ERROR - No error handlers are registered, logging exception.
Traceback (most recent call last):
  File "C:\Users\User\AppData\Local\Python\pythoncore-3.14-64\Lib\site-packages\telegram\ext\_utils\networkloop.py", line 161, in network_retry_loop
    await do_action()
  File "C:\Users\User\AppData\Local\Python\pythoncore-3.14-64\Lib\site-packages\telegram\ext\_utils\networkloop.py", line 154, in do_action
    action_cb_task.result()
    ~~~~~~~~~~~~~~~~~~~~~^^
  File "C:\Users\User\AppData\Local\Python\pythoncore-3.14-64\Lib\site-packages\telegram\ext\_updater.py", line 340, in polling_action_cb
    updates = await self.bot.get_updates(
              ^^^^^^^^^^^^^^^^^^^^^^^^^^^
    ...<3 lines>...
    )
    ^
  File "C:\Users\User\AppData\Local\Python\pythoncore-3.14-64\Lib\site-packages\telegram\ext\_extbot.py", line 672, in get_updates
    updates = await super().get_updates(
              ^^^^^^^^^^^^^^^^^^^^^^^^^^
    ...<9 lines>...
    )
    ^
  File "C:\Users\User\AppData\Local\Python\pythoncore-3.14-64\Lib\site-packages\telegram\_bot.py", line 4865, in get_updates
    await self._post(
    ^^^^^^^^^^^^^^^^^
    ...<7 lines>...
    ),
    ^
  File "C:\Users\User\AppData\Local\Python\pythoncore-3.14-64\Lib\site-packages\telegram\_bot.py", line 704, in _post
    return await self._do_post(
           ^^^^^^^^^^^^^^^^^^^^
    ...<6 lines>...
    )
    ^
  File "C:\Users\User\AppData\Local\Python\pythoncore-3.14-64\Lib\site-packages\telegram\ext\_extbot.py", line 370, in _do_post
    return await super()._do_post(
           ^^^^^^^^^^^^^^^^^^^^^^^
    ...<6 lines>...
    )
    ^
  File "C:\Users\User\AppData\Local\Python\pythoncore-3.14-64\Lib\site-packages\telegram\_bot.py", line 733, in _do_post
    result = await request.post(
             ^^^^^^^^^^^^^^^^^^^
    ...<6 lines>...
    )
    ^
  File "C:\Users\User\AppData\Local\Python\pythoncore-3.14-64\Lib\site-packages\telegram\request\_baserequest.py", line 198, in post
    result = await self._request_wrapper(
             ^^^^^^^^^^^^^^^^^^^^^^^^^^^^
    ...<7 lines>...
    )
    ^
  File "C:\Users\User\AppData\Local\Python\pythoncore-3.14-64\Lib\site-packages\telegram\request\_baserequest.py", line 375, in _request_wrapper
    raise exception
telegram.error.Conflict: Conflict: terminated by other getUpdates request; make sure that only one bot instance is running
2026-05-11 09:58:13,383 - httpx - INFO - HTTP Request: POST https://api.telegram.org/bot8763806870:AAF9ulkIJmeGxlRzDIl4ikWrPYlcKBhZZLk/getUpdates "HTTP/1.1 409 Conflict"
2026-05-11 09:58:13,384 - telegram.ext.Application - ERROR - No error handlers are registered, logging exception.
Traceback (most recent call last):
  File "C:\Users\User\AppData\Local\Python\pythoncore-3.14-64\Lib\site-packages\telegram\ext\_utils\networkloop.py", line 161, in network_retry_loop
    await do_action()
  File "C:\Users\User\AppData\Local\Python\pythoncore-3.14-64\Lib\site-packages\telegram\ext\_utils\networkloop.py", line 154, in do_action
    action_cb_task.result()
    ~~~~~~~~~~~~~~~~~~~~~^^
  File "C:\Users\User\AppData\Local\Python\pythoncore-3.14-64\Lib\site-packages\telegram\ext\_updater.py", line 340, in polling_action_cb
    updates = await self.bot.get_updates(
              ^^^^^^^^^^^^^^^^^^^^^^^^^^^
    ...<3 lines>...
    )
    ^
  File "C:\Users\User\AppData\Local\Python\pythoncore-3.14-64\Lib\site-packages\telegram\ext\_extbot.py", line 672, in get_updates
    updates = await super().get_updates(
              ^^^^^^^^^^^^^^^^^^^^^^^^^^
    ...<9 lines>...
    )
    ^
  File "C:\Users\User\AppData\Local\Python\pythoncore-3.14-64\Lib\site-packages\telegram\_bot.py", line 4865, in get_updates
    await self._post(
    ^^^^^^^^^^^^^^^^^
    ...<7 lines>...
    ),
    ^
  File "C:\Users\User\AppData\Local\Python\pythoncore-3.14-64\Lib\site-packages\telegram\_bot.py", line 704, in _post
    return await self._do_post(
           ^^^^^^^^^^^^^^^^^^^^
    ...<6 lines>...
    )
    ^
  File "C:\Users\User\AppData\Local\Python\pythoncore-3.14-64\Lib\site-packages\telegram\ext\_extbot.py", line 370, in _do_post
    return await super()._do_post(
           ^^^^^^^^^^^^^^^^^^^^^^^
    ...<6 lines>...
    )
    ^
  File "C:\Users\User\AppData\Local\Python\pythoncore-3.14-64\Lib\site-packages\telegram\_bot.py", line 733, in _do_post
    result = await request.post(
             ^^^^^^^^^^^^^^^^^^^
    ...<6 lines>...
    )
    ^
  File "C:\Users\User\AppData\Local\Python\pythoncore-3.14-64\Lib\site-packages\telegram\request\_baserequest.py", line 198, in post
    result = await self._request_wrapper(
             ^^^^^^^^^^^^^^^^^^^^^^^^^^^^
    ...<7 lines>...
    )
    ^
  File "C:\Users\User\AppData\Local\Python\pythoncore-3.14-64\Lib\site-packages\telegram\request\_baserequest.py", line 375, in _request_wrapper
    raise exception
telegram.error.Conflict: Conflict: terminated by other getUpdates request; make sure that only one bot instance is running
2026-05-11 09:58:48,173 - httpx - INFO - HTTP Request: POST https://api.telegram.org/bot8763806870:AAF9ulkIJmeGxlRzDIl4ikWrPYlcKBhZZLk/getUpdates "HTTP/1.1 409 Conflict"
2026-05-11 09:58:48,174 - telegram.ext.Application - ERROR - No error handlers are registered, logging exception.
Traceback (most recent call last):
  File "C:\Users\User\AppData\Local\Python\pythoncore-3.14-64\Lib\site-packages\telegram\ext\_utils\networkloop.py", line 161, in network_retry_loop
    await do_action()
  File "C:\Users\User\AppData\Local\Python\pythoncore-3.14-64\Lib\site-packages\telegram\ext\_utils\networkloop.py", line 154, in do_action
    action_cb_task.result()
    ~~~~~~~~~~~~~~~~~~~~~^^
  File "C:\Users\User\AppData\Local\Python\pythoncore-3.14-64\Lib\site-packages\telegram\ext\_updater.py", line 340, in polling_action_cb
    updates = await self.bot.get_updates(
              ^^^^^^^^^^^^^^^^^^^^^^^^^^^
    ...<3 lines>...
    )
    ^
  File "C:\Users\User\AppData\Local\Python\pythoncore-3.14-64\Lib\site-packages\telegram\ext\_extbot.py", line 672, in get_updates
    updates = await super().get_updates(
              ^^^^^^^^^^^^^^^^^^^^^^^^^^
    ...<9 lines>...
    )
    ^
  File "C:\Users\User\AppData\Local\Python\pythoncore-3.14-64\Lib\site-packages\telegram\_bot.py", line 4865, in get_updates
    await self._post(
    ^^^^^^^^^^^^^^^^^
    ...<7 lines>...
    ),
    ^
  File "C:\Users\User\AppData\Local\Python\pythoncore-3.14-64\Lib\site-packages\telegram\_bot.py", line 704, in _post
    return await self._do_post(
           ^^^^^^^^^^^^^^^^^^^^
    ...<6 lines>...
    )
    ^
  File "C:\Users\User\AppData\Local\Python\pythoncore-3.14-64\Lib\site-packages\telegram\ext\_extbot.py", line 370, in _do_post
    return await super()._do_post(
           ^^^^^^^^^^^^^^^^^^^^^^^
    ...<6 lines>...
    )
    ^
  File "C:\Users\User\AppData\Local\Python\pythoncore-3.14-64\Lib\site-packages\telegram\_bot.py", line 733, in _do_post
    result = await request.post(
             ^^^^^^^^^^^^^^^^^^^
    ...<6 lines>...
    )
    ^
  File "C:\Users\User\AppData\Local\Python\pythoncore-3.14-64\Lib\site-packages\telegram\request\_baserequest.py", line 198, in post
    result = await self._request_wrapper(
             ^^^^^^^^^^^^^^^^^^^^^^^^^^^^
    ...<7 lines>...
    )
    ^
  File "C:\Users\User\AppData\Local\Python\pythoncore-3.14-64\Lib\site-packages\telegram\request\_baserequest.py", line 375, in _request_wrapper
    raise exception
telegram.error.Conflict: Conflict: terminated by other getUpdates request; make sure that only one bot instance is running
2026-05-11 09:59:22,917 - httpx - INFO - HTTP Request: POST https://api.telegram.org/bot8763806870:AAF9ulkIJmeGxlRzDIl4ikWrPYlcKBhZZLk/getUpdates "HTTP/1.1 409 Conflict"
2026-05-11 09:59:22,918 - telegram.ext.Application - ERROR - No error handlers are registered, logging exception.
Traceback (most recent call last):
  File "C:\Users\User\AppData\Local\Python\pythoncore-3.14-64\Lib\site-packages\telegram\ext\_utils\networkloop.py", line 161, in network_retry_loop
    await do_action()
  File "C:\Users\User\AppData\Local\Python\pythoncore-3.14-64\Lib\site-packages\telegram\ext\_utils\networkloop.py", line 154, in do_action
    action_cb_task.result()
    ~~~~~~~~~~~~~~~~~~~~~^^
  File "C:\Users\User\AppData\Local\Python\pythoncore-3.14-64\Lib\site-packages\telegram\ext\_updater.py", line 340, in polling_action_cb
    updates = await self.bot.get_updates(
              ^^^^^^^^^^^^^^^^^^^^^^^^^^^
    ...<3 lines>...
    )
    ^
  File "C:\Users\User\AppData\Local\Python\pythoncore-3.14-64\Lib\site-packages\telegram\ext\_extbot.py", line 672, in get_updates
    updates = await super().get_updates(
              ^^^^^^^^^^^^^^^^^^^^^^^^^^
    ...<9 lines>...
    )
    ^
  File "C:\Users\User\AppData\Local\Python\pythoncore-3.14-64\Lib\site-packages\telegram\_bot.py", line 4865, in get_updates
    await self._post(
    ^^^^^^^^^^^^^^^^^
    ...<7 lines>...
    ),
    ^
  File "C:\Users\User\AppData\Local\Python\pythoncore-3.14-64\Lib\site-packages\telegram\_bot.py", line 704, in _post
    return await self._do_post(
           ^^^^^^^^^^^^^^^^^^^^
    ...<6 lines>...
    )
    ^
  File "C:\Users\User\AppData\Local\Python\pythoncore-3.14-64\Lib\site-packages\telegram\ext\_extbot.py", line 370, in _do_post
    return await super()._do_post(
           ^^^^^^^^^^^^^^^^^^^^^^^
    ...<6 lines>...
    )
    ^
  File "C:\Users\User\AppData\Local\Python\pythoncore-3.14-64\Lib\site-packages\telegram\_bot.py", line 733, in _do_post
    result = await request.post(
             ^^^^^^^^^^^^^^^^^^^
    ...<6 lines>...
    )
    ^
  File "C:\Users\User\AppData\Local\Python\pythoncore-3.14-64\Lib\site-packages\telegram\request\_baserequest.py", line 198, in post
    result = await self._request_wrapper(
             ^^^^^^^^^^^^^^^^^^^^^^^^^^^^
    ...<7 lines>...
    )
    ^
  File "C:\Users\User\AppData\Local\Python\pythoncore-3.14-64\Lib\site-packages\telegram\request\_baserequest.py", line 375, in _request_wrapper
    raise exception
telegram.error.Conflict: Conflict: terminated by other getUpdates request; make sure that only one bot instance is running
2026-05-11 09:59:57,989 - httpx - INFO - HTTP Request: POST https://api.telegram.org/bot8763806870:AAF9ulkIJmeGxlRzDIl4ikWrPYlcKBhZZLk/getUpdates "HTTP/1.1 409 Conflict"
2026-05-11 09:59:57,991 - telegram.ext.Application - ERROR - No error handlers are registered, logging exception.
Traceback (most recent call last):
  File "C:\Users\User\AppData\Local\Python\pythoncore-3.14-64\Lib\site-packages\telegram\ext\_utils\networkloop.py", line 161, in network_retry_loop
    await do_action()
  File "C:\Users\User\AppData\Local\Python\pythoncore-3.14-64\Lib\site-packages\telegram\ext\_utils\networkloop.py", line 154, in do_action
    action_cb_task.result()
    ~~~~~~~~~~~~~~~~~~~~~^^
  File "C:\Users\User\AppData\Local\Python\pythoncore-3.14-64\Lib\site-packages\telegram\ext\_updater.py", line 340, in polling_action_cb
    updates = await self.bot.get_updates(
              ^^^^^^^^^^^^^^^^^^^^^^^^^^^
    ...<3 lines>...
    )
    ^
  File "C:\Users\User\AppData\Local\Python\pythoncore-3.14-64\Lib\site-packages\telegram\ext\_extbot.py", line 672, in get_updates
    updates = await super().get_updates(
              ^^^^^^^^^^^^^^^^^^^^^^^^^^
    ...<9 lines>...
    )
    ^
  File "C:\Users\User\AppData\Local\Python\pythoncore-3.14-64\Lib\site-packages\telegram\_bot.py", line 4865, in get_updates
    await self._post(
    ^^^^^^^^^^^^^^^^^
    ...<7 lines>...
    ),
    ^
  File "C:\Users\User\AppData\Local\Python\pythoncore-3.14-64\Lib\site-packages\telegram\_bot.py", line 704, in _post
    return await self._do_post(
           ^^^^^^^^^^^^^^^^^^^^
    ...<6 lines>...
    )
    ^
  File "C:\Users\User\AppData\Local\Python\pythoncore-3.14-64\Lib\site-packages\telegram\ext\_extbot.py", line 370, in _do_post
    return await super()._do_post(
           ^^^^^^^^^^^^^^^^^^^^^^^
    ...<6 lines>...
    )
    ^
  File "C:\Users\User\AppData\Local\Python\pythoncore-3.14-64\Lib\site-packages\telegram\_bot.py", line 733, in _do_post
    result = await request.post(
             ^^^^^^^^^^^^^^^^^^^
    ...<6 lines>...
    )
    ^
  File "C:\Users\User\AppData\Local\Python\pythoncore-3.14-64\Lib\site-packages\telegram\request\_baserequest.py", line 198, in post
    result = await self._request_wrapper(
             ^^^^^^^^^^^^^^^^^^^^^^^^^^^^
    ...<7 lines>...
    )
    ^
  File "C:\Users\User\AppData\Local\Python\pythoncore-3.14-64\Lib\site-packages\telegram\request\_baserequest.py", line 375, in _request_wrapper
    raise exception
telegram.error.Conflict: Conflict: terminated by other getUpdates request; make sure that only one bot instance is running
2026-05-11 10:00:32,761 - httpx - INFO - HTTP Request: POST https://api.telegram.org/bot8763806870:AAF9ulkIJmeGxlRzDIl4ikWrPYlcKBhZZLk/getUpdates "HTTP/1.1 409 Conflict"
2026-05-11 10:00:32,763 - telegram.ext.Application - ERROR - No error handlers are registered, logging exception.
Traceback (most recent call last):
  File "C:\Users\User\AppData\Local\Python\pythoncore-3.14-64\Lib\site-packages\telegram\ext\_utils\networkloop.py", line 161, in network_retry_loop
    await do_action()
  File "C:\Users\User\AppData\Local\Python\pythoncore-3.14-64\Lib\site-packages\telegram\ext\_utils\networkloop.py", line 154, in do_action
    action_cb_task.result()
    ~~~~~~~~~~~~~~~~~~~~~^^
  File "C:\Users\User\AppData\Local\Python\pythoncore-3.14-64\Lib\site-packages\telegram\ext\_updater.py", line 340, in polling_action_cb
    updates = await self.bot.get_updates(
              ^^^^^^^^^^^^^^^^^^^^^^^^^^^
    ...<3 lines>...
    )
    ^
  File "C:\Users\User\AppData\Local\Python\pythoncore-3.14-64\Lib\site-packages\telegram\ext\_extbot.py", line 672, in get_updates
    updates = await super().get_updates(
              ^^^^^^^^^^^^^^^^^^^^^^^^^^
    ...<9 lines>...
    )
    ^
  File "C:\Users\User\AppData\Local\Python\pythoncore-3.14-64\Lib\site-packages\telegram\_bot.py", line 4865, in get_updates
    await self._post(
    ^^^^^^^^^^^^^^^^^
    ...<7 lines>...
    ),
    ^
  File "C:\Users\User\AppData\Local\Python\pythoncore-3.14-64\Lib\site-packages\telegram\_bot.py", line 704, in _post
    return await self._do_post(
           ^^^^^^^^^^^^^^^^^^^^
    ...<6 lines>...
    )
    ^
  File "C:\Users\User\AppData\Local\Python\pythoncore-3.14-64\Lib\site-packages\telegram\ext\_extbot.py", line 370, in _do_post
    return await super()._do_post(
           ^^^^^^^^^^^^^^^^^^^^^^^
    ...<6 lines>...
    )
    ^
  File "C:\Users\User\AppData\Local\Python\pythoncore-3.14-64\Lib\site-packages\telegram\_bot.py", line 733, in _do_post
    result = await request.post(
             ^^^^^^^^^^^^^^^^^^^
    ...<6 lines>...
    )
    ^
  File "C:\Users\User\AppData\Local\Python\pythoncore-3.14-64\Lib\site-packages\telegram\request\_baserequest.py", line 198, in post
    result = await self._request_wrapper(
             ^^^^^^^^^^^^^^^^^^^^^^^^^^^^
    ...<7 lines>...
    )
    ^
  File "C:\Users\User\AppData\Local\Python\pythoncore-3.14-64\Lib\site-packages\telegram\request\_baserequest.py", line 375, in _request_wrapper
    raise exception
telegram.error.Conflict: Conflict: terminated by other getUpdates request; make sure that only one bot instance is running
2026-05-11 10:01:07,549 - httpx - INFO - HTTP Request: POST https://api.telegram.org/bot8763806870:AAF9ulkIJmeGxlRzDIl4ikWrPYlcKBhZZLk/getUpdates "HTTP/1.1 409 Conflict"
2026-05-11 10:01:07,551 - telegram.ext.Application - ERROR - No error handlers are registered, logging exception.
Traceback (most recent call last):
  File "C:\Users\User\AppData\Local\Python\pythoncore-3.14-64\Lib\site-packages\telegram\ext\_utils\networkloop.py", line 161, in network_retry_loop
    await do_action()
  File "C:\Users\User\AppData\Local\Python\pythoncore-3.14-64\Lib\site-packages\telegram\ext\_utils\networkloop.py", line 154, in do_action
    action_cb_task.result()
    ~~~~~~~~~~~~~~~~~~~~~^^
  File "C:\Users\User\AppData\Local\Python\pythoncore-3.14-64\Lib\site-packages\telegram\ext\_updater.py", line 340, in polling_action_cb
    updates = await self.bot.get_updates(
              ^^^^^^^^^^^^^^^^^^^^^^^^^^^
    ...<3 lines>...
    )
    ^
  File "C:\Users\User\AppData\Local\Python\pythoncore-3.14-64\Lib\site-packages\telegram\ext\_extbot.py", line 672, in get_updates
    updates = await super().get_updates(
              ^^^^^^^^^^^^^^^^^^^^^^^^^^
    ...<9 lines>...
    )
    ^
  File "C:\Users\User\AppData\Local\Python\pythoncore-3.14-64\Lib\site-packages\telegram\_bot.py", line 4865, in get_updates
    await self._post(
    ^^^^^^^^^^^^^^^^^
    ...<7 lines>...
    ),
    ^
  File "C:\Users\User\AppData\Local\Python\pythoncore-3.14-64\Lib\site-packages\telegram\_bot.py", line 704, in _post
    return await self._do_post(
           ^^^^^^^^^^^^^^^^^^^^
    ...<6 lines>...
    )
    ^
  File "C:\Users\User\AppData\Local\Python\pythoncore-3.14-64\Lib\site-packages\telegram\ext\_extbot.py", line 370, in _do_post
    return await super()._do_post(
           ^^^^^^^^^^^^^^^^^^^^^^^
    ...<6 lines>...
    )
    ^
  File "C:\Users\User\AppData\Local\Python\pythoncore-3.14-64\Lib\site-packages\telegram\_bot.py", line 733, in _do_post
    result = await request.post(
             ^^^^^^^^^^^^^^^^^^^
    ...<6 lines>...
    )
    ^
  File "C:\Users\User\AppData\Local\Python\pythoncore-3.14-64\Lib\site-packages\telegram\request\_baserequest.py", line 198, in post
    result = await self._request_wrapper(
             ^^^^^^^^^^^^^^^^^^^^^^^^^^^^
    ...<7 lines>...
    )
    ^
  File "C:\Users\User\AppData\Local\Python\pythoncore-3.14-64\Lib\site-packages\telegram\request\_baserequest.py", line 375, in _request_wrapper
    raise exception
telegram.error.Conflict: Conflict: terminated by other getUpdates request; make sure that only one bot instance is running
2026-05-11 10:01:42,264 - httpx - INFO - HTTP Request: POST https://api.telegram.org/bot8763806870:AAF9ulkIJmeGxlRzDIl4ikWrPYlcKBhZZLk/getUpdates "HTTP/1.1 409 Conflict"
2026-05-11 10:01:42,266 - telegram.ext.Application - ERROR - No error handlers are registered, logging exception.
Traceback (most recent call last):
  File "C:\Users\User\AppData\Local\Python\pythoncore-3.14-64\Lib\site-packages\telegram\ext\_utils\networkloop.py", line 161, in network_retry_loop
    await do_action()
  File "C:\Users\User\AppData\Local\Python\pythoncore-3.14-64\Lib\site-packages\telegram\ext\_utils\networkloop.py", line 154, in do_action
    action_cb_task.result()
    ~~~~~~~~~~~~~~~~~~~~~^^
  File "C:\Users\User\AppData\Local\Python\pythoncore-3.14-64\Lib\site-packages\telegram\ext\_updater.py", line 340, in polling_action_cb
    updates = await self.bot.get_updates(
              ^^^^^^^^^^^^^^^^^^^^^^^^^^^
    ...<3 lines>...
    )
    ^
  File "C:\Users\User\AppData\Local\Python\pythoncore-3.14-64\Lib\site-packages\telegram\ext\_extbot.py", line 672, in get_updates
    updates = await super().get_updates(
              ^^^^^^^^^^^^^^^^^^^^^^^^^^
    ...<9 lines>...
    )
    ^
  File "C:\Users\User\AppData\Local\Python\pythoncore-3.14-64\Lib\site-packages\telegram\_bot.py", line 4865, in get_updates
    await self._post(
    ^^^^^^^^^^^^^^^^^
    ...<7 lines>...
    ),
    ^
  File "C:\Users\User\AppData\Local\Python\pythoncore-3.14-64\Lib\site-packages\telegram\_bot.py", line 704, in _post
    return await self._do_post(
           ^^^^^^^^^^^^^^^^^^^^
    ...<6 lines>...
    )
    ^
  File "C:\Users\User\AppData\Local\Python\pythoncore-3.14-64\Lib\site-packages\telegram\ext\_extbot.py", line 370, in _do_post
    return await super()._do_post(
           ^^^^^^^^^^^^^^^^^^^^^^^
    ...<6 lines>...
    )
    ^
  File "C:\Users\User\AppData\Local\Python\pythoncore-3.14-64\Lib\site-packages\telegram\_bot.py", line 733, in _do_post
    result = await request.post(
             ^^^^^^^^^^^^^^^^^^^
    ...<6 lines>...
    )
    ^
  File "C:\Users\User\AppData\Local\Python\pythoncore-3.14-64\Lib\site-packages\telegram\request\_baserequest.py", line 198, in post
    result = await self._request_wrapper(
             ^^^^^^^^^^^^^^^^^^^^^^^^^^^^
    ...<7 lines>...
    )
    ^
  File "C:\Users\User\AppData\Local\Python\pythoncore-3.14-64\Lib\site-packages\telegram\request\_baserequest.py", line 375, in _request_wrapper
    raise exception
telegram.error.Conflict: Conflict: terminated by other getUpdates request; make sure that only one bot instance is running
2026-05-11 10:02:17,045 - httpx - INFO - HTTP Request: POST https://api.telegram.org/bot8763806870:AAF9ulkIJmeGxlRzDIl4ikWrPYlcKBhZZLk/getUpdates "HTTP/1.1 409 Conflict"
2026-05-11 10:02:17,046 - telegram.ext.Application - ERROR - No error handlers are registered, logging exception.
Traceback (most recent call last):
  File "C:\Users\User\AppData\Local\Python\pythoncore-3.14-64\Lib\site-packages\telegram\ext\_utils\networkloop.py", line 161, in network_retry_loop
    await do_action()
  File "C:\Users\User\AppData\Local\Python\pythoncore-3.14-64\Lib\site-packages\telegram\ext\_utils\networkloop.py", line 154, in do_action
    action_cb_task.result()
    ~~~~~~~~~~~~~~~~~~~~~^^
  File "C:\Users\User\AppData\Local\Python\pythoncore-3.14-64\Lib\site-packages\telegram\ext\_updater.py", line 340, in polling_action_cb
    updates = await self.bot.get_updates(
              ^^^^^^^^^^^^^^^^^^^^^^^^^^^
    ...<3 lines>...
    )
    ^
  File "C:\Users\User\AppData\Local\Python\pythoncore-3.14-64\Lib\site-packages\telegram\ext\_extbot.py", line 672, in get_updates
    updates = await super().get_updates(
              ^^^^^^^^^^^^^^^^^^^^^^^^^^
    ...<9 lines>...
    )
    ^
  File "C:\Users\User\AppData\Local\Python\pythoncore-3.14-64\Lib\site-packages\telegram\_bot.py", line 4865, in get_updates
    await self._post(
    ^^^^^^^^^^^^^^^^^
    ...<7 lines>...
    ),
    ^
  File "C:\Users\User\AppData\Local\Python\pythoncore-3.14-64\Lib\site-packages\telegram\_bot.py", line 704, in _post
    return await self._do_post(
           ^^^^^^^^^^^^^^^^^^^^
    ...<6 lines>...
    )
    ^
  File "C:\Users\User\AppData\Local\Python\pythoncore-3.14-64\Lib\site-packages\telegram\ext\_extbot.py", line 370, in _do_post
    return await super()._do_post(
           ^^^^^^^^^^^^^^^^^^^^^^^
    ...<6 lines>...
    )
    ^
  File "C:\Users\User\AppData\Local\Python\pythoncore-3.14-64\Lib\site-packages\telegram\_bot.py", line 733, in _do_post
    result = await request.post(
             ^^^^^^^^^^^^^^^^^^^
    ...<6 lines>...
    )
    ^
  File "C:\Users\User\AppData\Local\Python\pythoncore-3.14-64\Lib\site-packages\telegram\request\_baserequest.py", line 198, in post
    result = await self._request_wrapper(
             ^^^^^^^^^^^^^^^^^^^^^^^^^^^^
    ...<7 lines>...
    )
    ^
  File "C:\Users\User\AppData\Local\Python\pythoncore-3.14-64\Lib\site-packages\telegram\request\_baserequest.py", line 375, in _request_wrapper
    raise exception
telegram.error.Conflict: Conflict: terminated by other getUpdates request; make sure that only one bot instance is running
2026-05-11 10:02:51,755 - httpx - INFO - HTTP Request: POST https://api.telegram.org/bot8763806870:AAF9ulkIJmeGxlRzDIl4ikWrPYlcKBhZZLk/getUpdates "HTTP/1.1 409 Conflict"
2026-05-11 10:02:51,756 - telegram.ext.Application - ERROR - No error handlers are registered, logging exception.
Traceback (most recent call last):
  File "C:\Users\User\AppData\Local\Python\pythoncore-3.14-64\Lib\site-packages\telegram\ext\_utils\networkloop.py", line 161, in network_retry_loop
    await do_action()
  File "C:\Users\User\AppData\Local\Python\pythoncore-3.14-64\Lib\site-packages\telegram\ext\_utils\networkloop.py", line 154, in do_action
    action_cb_task.result()
    ~~~~~~~~~~~~~~~~~~~~~^^
  File "C:\Users\User\AppData\Local\Python\pythoncore-3.14-64\Lib\site-packages\telegram\ext\_updater.py", line 340, in polling_action_cb
    updates = await self.bot.get_updates(
              ^^^^^^^^^^^^^^^^^^^^^^^^^^^
    ...<3 lines>...
    )
    ^
  File "C:\Users\User\AppData\Local\Python\pythoncore-3.14-64\Lib\site-packages\telegram\ext\_extbot.py", line 672, in get_updates
    updates = await super().get_updates(
              ^^^^^^^^^^^^^^^^^^^^^^^^^^
    ...<9 lines>...
    )
    ^
  File "C:\Users\User\AppData\Local\Python\pythoncore-3.14-64\Lib\site-packages\telegram\_bot.py", line 4865, in get_updates
    await self._post(
    ^^^^^^^^^^^^^^^^^
    ...<7 lines>...
    ),
    ^
  File "C:\Users\User\AppData\Local\Python\pythoncore-3.14-64\Lib\site-packages\telegram\_bot.py", line 704, in _post
    return await self._do_post(
           ^^^^^^^^^^^^^^^^^^^^
    ...<6 lines>...
    )
    ^
  File "C:\Users\User\AppData\Local\Python\pythoncore-3.14-64\Lib\site-packages\telegram\ext\_extbot.py", line 370, in _do_post
    return await super()._do_post(
           ^^^^^^^^^^^^^^^^^^^^^^^
    ...<6 lines>...
    )
    ^
  File "C:\Users\User\AppData\Local\Python\pythoncore-3.14-64\Lib\site-packages\telegram\_bot.py", line 733, in _do_post
    result = await request.post(
             ^^^^^^^^^^^^^^^^^^^
    ...<6 lines>...
    )
    ^
  File "C:\Users\User\AppData\Local\Python\pythoncore-3.14-64\Lib\site-packages\telegram\request\_baserequest.py", line 198, in post
    result = await self._request_wrapper(
             ^^^^^^^^^^^^^^^^^^^^^^^^^^^^
    ...<7 lines>...
    )
    ^
  File "C:\Users\User\AppData\Local\Python\pythoncore-3.14-64\Lib\site-packages\telegram\request\_baserequest.py", line 375, in _request_wrapper
    raise exception
telegram.error.Conflict: Conflict: terminated by other getUpdates request; make sure that only one bot instance is running
2026-05-11 10:03:26,474 - httpx - INFO - HTTP Request: POST https://api.telegram.org/bot8763806870:AAF9ulkIJmeGxlRzDIl4ikWrPYlcKBhZZLk/getUpdates "HTTP/1.1 409 Conflict"
2026-05-11 10:03:26,475 - telegram.ext.Application - ERROR - No error handlers are registered, logging exception.
Traceback (most recent call last):
  File "C:\Users\User\AppData\Local\Python\pythoncore-3.14-64\Lib\site-packages\telegram\ext\_utils\networkloop.py", line 161, in network_retry_loop
    await do_action()
  File "C:\Users\User\AppData\Local\Python\pythoncore-3.14-64\Lib\site-packages\telegram\ext\_utils\networkloop.py", line 154, in do_action
    action_cb_task.result()
    ~~~~~~~~~~~~~~~~~~~~~^^
  File "C:\Users\User\AppData\Local\Python\pythoncore-3.14-64\Lib\site-packages\telegram\ext\_updater.py", line 340, in polling_action_cb
    updates = await self.bot.get_updates(
              ^^^^^^^^^^^^^^^^^^^^^^^^^^^
    ...<3 lines>...
    )
    ^
  File "C:\Users\User\AppData\Local\Python\pythoncore-3.14-64\Lib\site-packages\telegram\ext\_extbot.py", line 672, in get_updates
    updates = await super().get_updates(
              ^^^^^^^^^^^^^^^^^^^^^^^^^^
    ...<9 lines>...
    )
    ^
  File "C:\Users\User\AppData\Local\Python\pythoncore-3.14-64\Lib\site-packages\telegram\_bot.py", line 4865, in get_updates
    await self._post(
    ^^^^^^^^^^^^^^^^^
    ...<7 lines>...
    ),
    ^
  File "C:\Users\User\AppData\Local\Python\pythoncore-3.14-64\Lib\site-packages\telegram\_bot.py", line 704, in _post
    return await self._do_post(
           ^^^^^^^^^^^^^^^^^^^^
    ...<6 lines>...
    )
    ^
  File "C:\Users\User\AppData\Local\Python\pythoncore-3.14-64\Lib\site-packages\telegram\ext\_extbot.py", line 370, in _do_post
    return await super()._do_post(
           ^^^^^^^^^^^^^^^^^^^^^^^
    ...<6 lines>...
    )
    ^
  File "C:\Users\User\AppData\Local\Python\pythoncore-3.14-64\Lib\site-packages\telegram\_bot.py", line 733, in _do_post
    result = await request.post(
             ^^^^^^^^^^^^^^^^^^^
    ...<6 lines>...
    )
    ^
  File "C:\Users\User\AppData\Local\Python\pythoncore-3.14-64\Lib\site-packages\telegram\request\_baserequest.py", line 198, in post
    result = await self._request_wrapper(
             ^^^^^^^^^^^^^^^^^^^^^^^^^^^^
    ...<7 lines>...
    )
    ^
  File "C:\Users\User\AppData\Local\Python\pythoncore-3.14-64\Lib\site-packages\telegram\request\_baserequest.py", line 375, in _request_wrapper
    raise exception
telegram.error.Conflict: Conflict: terminated by other getUpdates request; make sure that only one bot instance is running
2026-05-11 10:04:01,260 - httpx - INFO - HTTP Request: POST https://api.telegram.org/bot8763806870:AAF9ulkIJmeGxlRzDIl4ikWrPYlcKBhZZLk/getUpdates "HTTP/1.1 409 Conflict"
2026-05-11 10:04:01,261 - telegram.ext.Application - ERROR - No error handlers are registered, logging exception.
Traceback (most recent call last):
  File "C:\Users\User\AppData\Local\Python\pythoncore-3.14-64\Lib\site-packages\telegram\ext\_utils\networkloop.py", line 161, in network_retry_loop
    await do_action()
  File "C:\Users\User\AppData\Local\Python\pythoncore-3.14-64\Lib\site-packages\telegram\ext\_utils\networkloop.py", line 154, in do_action
    action_cb_task.result()
    ~~~~~~~~~~~~~~~~~~~~~^^
  File "C:\Users\User\AppData\Local\Python\pythoncore-3.14-64\Lib\site-packages\telegram\ext\_updater.py", line 340, in polling_action_cb
    updates = await self.bot.get_updates(
              ^^^^^^^^^^^^^^^^^^^^^^^^^^^
    ...<3 lines>...
    )
    ^
  File "C:\Users\User\AppData\Local\Python\pythoncore-3.14-64\Lib\site-packages\telegram\ext\_extbot.py", line 672, in get_updates
    updates = await super().get_updates(
              ^^^^^^^^^^^^^^^^^^^^^^^^^^
    ...<9 lines>...
    )
    ^
  File "C:\Users\User\AppData\Local\Python\pythoncore-3.14-64\Lib\site-packages\telegram\_bot.py", line 4865, in get_updates
    await self._post(
    ^^^^^^^^^^^^^^^^^
    ...<7 lines>...
    ),
    ^
  File "C:\Users\User\AppData\Local\Python\pythoncore-3.14-64\Lib\site-packages\telegram\_bot.py", line 704, in _post
    return await self._do_post(
           ^^^^^^^^^^^^^^^^^^^^
    ...<6 lines>...
    )
    ^
  File "C:\Users\User\AppData\Local\Python\pythoncore-3.14-64\Lib\site-packages\telegram\ext\_extbot.py", line 370, in _do_post
    return await super()._do_post(
           ^^^^^^^^^^^^^^^^^^^^^^^
    ...<6 lines>...
    )
    ^
  File "C:\Users\User\AppData\Local\Python\pythoncore-3.14-64\Lib\site-packages\telegram\_bot.py", line 733, in _do_post
    result = await request.post(
             ^^^^^^^^^^^^^^^^^^^
    ...<6 lines>...
    )
    ^
  File "C:\Users\User\AppData\Local\Python\pythoncore-3.14-64\Lib\site-packages\telegram\request\_baserequest.py", line 198, in post
    result = await self._request_wrapper(
             ^^^^^^^^^^^^^^^^^^^^^^^^^^^^
    ...<7 lines>...
    )
    ^
  File "C:\Users\User\AppData\Local\Python\pythoncore-3.14-64\Lib\site-packages\telegram\request\_baserequest.py", line 375, in _request_wrapper
    raise exception
telegram.error.Conflict: Conflict: terminated by other getUpdates request; make sure that only one bot instance is running
2026-05-11 10:04:35,990 - httpx - INFO - HTTP Request: POST https://api.telegram.org/bot8763806870:AAF9ulkIJmeGxlRzDIl4ikWrPYlcKBhZZLk/getUpdates "HTTP/1.1 409 Conflict"
2026-05-11 10:04:35,992 - telegram.ext.Application - ERROR - No error handlers are registered, logging exception.
Traceback (most recent call last):
  File "C:\Users\User\AppData\Local\Python\pythoncore-3.14-64\Lib\site-packages\telegram\ext\_utils\networkloop.py", line 161, in network_retry_loop
    await do_action()
  File "C:\Users\User\AppData\Local\Python\pythoncore-3.14-64\Lib\site-packages\telegram\ext\_utils\networkloop.py", line 154, in do_action
    action_cb_task.result()
    ~~~~~~~~~~~~~~~~~~~~~^^
  File "C:\Users\User\AppData\Local\Python\pythoncore-3.14-64\Lib\site-packages\telegram\ext\_updater.py", line 340, in polling_action_cb
    updates = await self.bot.get_updates(
              ^^^^^^^^^^^^^^^^^^^^^^^^^^^
    ...<3 lines>...
    )
    ^
  File "C:\Users\User\AppData\Local\Python\pythoncore-3.14-64\Lib\site-packages\telegram\ext\_extbot.py", line 672, in get_updates
    updates = await super().get_updates(
              ^^^^^^^^^^^^^^^^^^^^^^^^^^
    ...<9 lines>...
    )
    ^
  File "C:\Users\User\AppData\Local\Python\pythoncore-3.14-64\Lib\site-packages\telegram\_bot.py", line 4865, in get_updates
    await self._post(
    ^^^^^^^^^^^^^^^^^
    ...<7 lines>...
    ),
    ^
  File "C:\Users\User\AppData\Local\Python\pythoncore-3.14-64\Lib\site-packages\telegram\_bot.py", line 704, in _post
    return await self._do_post(
           ^^^^^^^^^^^^^^^^^^^^
    ...<6 lines>...
    )
    ^
  File "C:\Users\User\AppData\Local\Python\pythoncore-3.14-64\Lib\site-packages\telegram\ext\_extbot.py", line 370, in _do_post
    return await super()._do_post(
           ^^^^^^^^^^^^^^^^^^^^^^^
    ...<6 lines>...
    )
    ^
  File "C:\Users\User\AppData\Local\Python\pythoncore-3.14-64\Lib\site-packages\telegram\_bot.py", line 733, in _do_post
    result = await request.post(
             ^^^^^^^^^^^^^^^^^^^
    ...<6 lines>...
    )
    ^
  File "C:\Users\User\AppData\Local\Python\pythoncore-3.14-64\Lib\site-packages\telegram\request\_baserequest.py", line 198, in post
    result = await self._request_wrapper(
             ^^^^^^^^^^^^^^^^^^^^^^^^^^^^
    ...<7 lines>...
    )
    ^
  File "C:\Users\User\AppData\Local\Python\pythoncore-3.14-64\Lib\site-packages\telegram\request\_baserequest.py", line 375, in _request_wrapper
    raise exception
telegram.error.Conflict: Conflict: terminated by other getUpdates request; make sure that only one bot instance is running
2026-05-11 10:05:10,709 - httpx - INFO - HTTP Request: POST https://api.telegram.org/bot8763806870:AAF9ulkIJmeGxlRzDIl4ikWrPYlcKBhZZLk/getUpdates "HTTP/1.1 409 Conflict"
2026-05-11 10:05:10,710 - telegram.ext.Application - ERROR - No error handlers are registered, logging exception.
Traceback (most recent call last):
  File "C:\Users\User\AppData\Local\Python\pythoncore-3.14-64\Lib\site-packages\telegram\ext\_utils\networkloop.py", line 161, in network_retry_loop
    await do_action()
  File "C:\Users\User\AppData\Local\Python\pythoncore-3.14-64\Lib\site-packages\telegram\ext\_utils\networkloop.py", line 154, in do_action
    action_cb_task.result()
    ~~~~~~~~~~~~~~~~~~~~~^^
  File "C:\Users\User\AppData\Local\Python\pythoncore-3.14-64\Lib\site-packages\telegram\ext\_updater.py", line 340, in polling_action_cb
    updates = await self.bot.get_updates(
              ^^^^^^^^^^^^^^^^^^^^^^^^^^^
    ...<3 lines>...
    )
    ^
  File "C:\Users\User\AppData\Local\Python\pythoncore-3.14-64\Lib\site-packages\telegram\ext\_extbot.py", line 672, in get_updates
    updates = await super().get_updates(
              ^^^^^^^^^^^^^^^^^^^^^^^^^^
    ...<9 lines>...
    )
    ^
  File "C:\Users\User\AppData\Local\Python\pythoncore-3.14-64\Lib\site-packages\telegram\_bot.py", line 4865, in get_updates
    await self._post(
    ^^^^^^^^^^^^^^^^^
    ...<7 lines>...
    ),
    ^
  File "C:\Users\User\AppData\Local\Python\pythoncore-3.14-64\Lib\site-packages\telegram\_bot.py", line 704, in _post
    return await self._do_post(
           ^^^^^^^^^^^^^^^^^^^^
    ...<6 lines>...
    )
    ^
  File "C:\Users\User\AppData\Local\Python\pythoncore-3.14-64\Lib\site-packages\telegram\ext\_extbot.py", line 370, in _do_post
    return await super()._do_post(
           ^^^^^^^^^^^^^^^^^^^^^^^
    ...<6 lines>...
    )
    ^
  File "C:\Users\User\AppData\Local\Python\pythoncore-3.14-64\Lib\site-packages\telegram\_bot.py", line 733, in _do_post
    result = await request.post(
             ^^^^^^^^^^^^^^^^^^^
    ...<6 lines>...
    )
    ^
  File "C:\Users\User\AppData\Local\Python\pythoncore-3.14-64\Lib\site-packages\telegram\request\_baserequest.py", line 198, in post
    result = await self._request_wrapper(
             ^^^^^^^^^^^^^^^^^^^^^^^^^^^^
    ...<7 lines>...
    )
    ^
  File "C:\Users\User\AppData\Local\Python\pythoncore-3.14-64\Lib\site-packages\telegram\request\_baserequest.py", line 375, in _request_wrapper
    raise exception
telegram.error.Conflict: Conflict: terminated by other getUpdates request; make sure that only one bot instance is running
2026-05-11 10:05:45,429 - httpx - INFO - HTTP Request: POST https://api.telegram.org/bot8763806870:AAF9ulkIJmeGxlRzDIl4ikWrPYlcKBhZZLk/getUpdates "HTTP/1.1 409 Conflict"
2026-05-11 10:05:45,430 - telegram.ext.Application - ERROR - No error handlers are registered, logging exception.
Traceback (most recent call last):
  File "C:\Users\User\AppData\Local\Python\pythoncore-3.14-64\Lib\site-packages\telegram\ext\_utils\networkloop.py", line 161, in network_retry_loop
    await do_action()
  File "C:\Users\User\AppData\Local\Python\pythoncore-3.14-64\Lib\site-packages\telegram\ext\_utils\networkloop.py", line 154, in do_action
    action_cb_task.result()
    ~~~~~~~~~~~~~~~~~~~~~^^
  File "C:\Users\User\AppData\Local\Python\pythoncore-3.14-64\Lib\site-packages\telegram\ext\_updater.py", line 340, in polling_action_cb
    updates = await self.bot.get_updates(
              ^^^^^^^^^^^^^^^^^^^^^^^^^^^
    ...<3 lines>...
    )
    ^
  File "C:\Users\User\AppData\Local\Python\pythoncore-3.14-64\Lib\site-packages\telegram\ext\_extbot.py", line 672, in get_updates
    updates = await super().get_updates(
              ^^^^^^^^^^^^^^^^^^^^^^^^^^
    ...<9 lines>...
    )
    ^
  File "C:\Users\User\AppData\Local\Python\pythoncore-3.14-64\Lib\site-packages\telegram\_bot.py", line 4865, in get_updates
    await self._post(
    ^^^^^^^^^^^^^^^^^
    ...<7 lines>...
    ),
    ^
  File "C:\Users\User\AppData\Local\Python\pythoncore-3.14-64\Lib\site-packages\telegram\_bot.py", line 704, in _post
    return await self._do_post(
           ^^^^^^^^^^^^^^^^^^^^
    ...<6 lines>...
    )
    ^
  File "C:\Users\User\AppData\Local\Python\pythoncore-3.14-64\Lib\site-packages\telegram\ext\_extbot.py", line 370, in _do_post
    return await super()._do_post(
           ^^^^^^^^^^^^^^^^^^^^^^^
    ...<6 lines>...
    )
    ^
  File "C:\Users\User\AppData\Local\Python\pythoncore-3.14-64\Lib\site-packages\telegram\_bot.py", line 733, in _do_post
    result = await request.post(
             ^^^^^^^^^^^^^^^^^^^
    ...<6 lines>...
    )
    ^
  File "C:\Users\User\AppData\Local\Python\pythoncore-3.14-64\Lib\site-packages\telegram\request\_baserequest.py", line 198, in post
    result = await self._request_wrapper(
             ^^^^^^^^^^^^^^^^^^^^^^^^^^^^
    ...<7 lines>...
    )
    ^
  File "C:\Users\User\AppData\Local\Python\pythoncore-3.14-64\Lib\site-packages\telegram\request\_baserequest.py", line 375, in _request_wrapper
    raise exception
telegram.error.Conflict: Conflict: terminated by other getUpdates request; make sure that only one bot instance is running
2026-05-11 10:06:20,241 - httpx - INFO - HTTP Request: POST https://api.telegram.org/bot8763806870:AAF9ulkIJmeGxlRzDIl4ikWrPYlcKBhZZLk/getUpdates "HTTP/1.1 409 Conflict"
2026-05-11 10:06:20,242 - telegram.ext.Application - ERROR - No error handlers are registered, logging exception.
Traceback (most recent call last):
  File "C:\Users\User\AppData\Local\Python\pythoncore-3.14-64\Lib\site-packages\telegram\ext\_utils\networkloop.py", line 161, in network_retry_loop
    await do_action()
  File "C:\Users\User\AppData\Local\Python\pythoncore-3.14-64\Lib\site-packages\telegram\ext\_utils\networkloop.py", line 154, in do_action
    action_cb_task.result()
    ~~~~~~~~~~~~~~~~~~~~~^^
  File "C:\Users\User\AppData\Local\Python\pythoncore-3.14-64\Lib\site-packages\telegram\ext\_updater.py", line 340, in polling_action_cb
    updates = await self.bot.get_updates(
              ^^^^^^^^^^^^^^^^^^^^^^^^^^^
    ...<3 lines>...
    )
    ^
  File "C:\Users\User\AppData\Local\Python\pythoncore-3.14-64\Lib\site-packages\telegram\ext\_extbot.py", line 672, in get_updates
    updates = await super().get_updates(
              ^^^^^^^^^^^^^^^^^^^^^^^^^^
    ...<9 lines>...
    )
    ^
  File "C:\Users\User\AppData\Local\Python\pythoncore-3.14-64\Lib\site-packages\telegram\_bot.py", line 4865, in get_updates
    await self._post(
    ^^^^^^^^^^^^^^^^^
    ...<7 lines>...
    ),
    ^
  File "C:\Users\User\AppData\Local\Python\pythoncore-3.14-64\Lib\site-packages\telegram\_bot.py", line 704, in _post
    return await self._do_post(
           ^^^^^^^^^^^^^^^^^^^^
    ...<6 lines>...
    )
    ^
  File "C:\Users\User\AppData\Local\Python\pythoncore-3.14-64\Lib\site-packages\telegram\ext\_extbot.py", line 370, in _do_post
    return await super()._do_post(
           ^^^^^^^^^^^^^^^^^^^^^^^
    ...<6 lines>...
    )
    ^
  File "C:\Users\User\AppData\Local\Python\pythoncore-3.14-64\Lib\site-packages\telegram\_bot.py", line 733, in _do_post
    result = await request.post(
             ^^^^^^^^^^^^^^^^^^^
    ...<6 lines>...
    )
    ^
  File "C:\Users\User\AppData\Local\Python\pythoncore-3.14-64\Lib\site-packages\telegram\request\_baserequest.py", line 198, in post
    result = await self._request_wrapper(
             ^^^^^^^^^^^^^^^^^^^^^^^^^^^^
    ...<7 lines>...
    )
    ^
  File "C:\Users\User\AppData\Local\Python\pythoncore-3.14-64\Lib\site-packages\telegram\request\_baserequest.py", line 375, in _request_wrapper
    raise exception
telegram.error.Conflict: Conflict: terminated by other getUpdates request; make sure that only one bot instance is running
2026-05-11 10:06:54,987 - httpx - INFO - HTTP Request: POST https://api.telegram.org/bot8763806870:AAF9ulkIJmeGxlRzDIl4ikWrPYlcKBhZZLk/getUpdates "HTTP/1.1 409 Conflict"
2026-05-11 10:06:54,989 - telegram.ext.Application - ERROR - No error handlers are registered, logging exception.
Traceback (most recent call last):
  File "C:\Users\User\AppData\Local\Python\pythoncore-3.14-64\Lib\site-packages\telegram\ext\_utils\networkloop.py", line 161, in network_retry_loop
    await do_action()
  File "C:\Users\User\AppData\Local\Python\pythoncore-3.14-64\Lib\site-packages\telegram\ext\_utils\networkloop.py", line 154, in do_action
    action_cb_task.result()
    ~~~~~~~~~~~~~~~~~~~~~^^
  File "C:\Users\User\AppData\Local\Python\pythoncore-3.14-64\Lib\site-packages\telegram\ext\_updater.py", line 340, in polling_action_cb
    updates = await self.bot.get_updates(
              ^^^^^^^^^^^^^^^^^^^^^^^^^^^
    ...<3 lines>...
    )
    ^
  File "C:\Users\User\AppData\Local\Python\pythoncore-3.14-64\Lib\site-packages\telegram\ext\_extbot.py", line 672, in get_updates
    updates = await super().get_updates(
              ^^^^^^^^^^^^^^^^^^^^^^^^^^
    ...<9 lines>...
    )
    ^
  File "C:\Users\User\AppData\Local\Python\pythoncore-3.14-64\Lib\site-packages\telegram\_bot.py", line 4865, in get_updates
    await self._post(
    ^^^^^^^^^^^^^^^^^
    ...<7 lines>...
    ),
    ^
  File "C:\Users\User\AppData\Local\Python\pythoncore-3.14-64\Lib\site-packages\telegram\_bot.py", line 704, in _post
    return await self._do_post(
           ^^^^^^^^^^^^^^^^^^^^
    ...<6 lines>...
    )
    ^
  File "C:\Users\User\AppData\Local\Python\pythoncore-3.14-64\Lib\site-packages\telegram\ext\_extbot.py", line 370, in _do_post
    return await super()._do_post(
           ^^^^^^^^^^^^^^^^^^^^^^^
    ...<6 lines>...
    )
    ^
  File "C:\Users\User\AppData\Local\Python\pythoncore-3.14-64\Lib\site-packages\telegram\_bot.py", line 733, in _do_post
    result = await request.post(
             ^^^^^^^^^^^^^^^^^^^
    ...<6 lines>...
    )
    ^
  File "C:\Users\User\AppData\Local\Python\pythoncore-3.14-64\Lib\site-packages\telegram\request\_baserequest.py", line 198, in post
    result = await self._request_wrapper(
             ^^^^^^^^^^^^^^^^^^^^^^^^^^^^
    ...<7 lines>...
    )
    ^
  File "C:\Users\User\AppData\Local\Python\pythoncore-3.14-64\Lib\site-packages\telegram\request\_baserequest.py", line 375, in _request_wrapper
    raise exception
telegram.error.Conflict: Conflict: terminated by other getUpdates request; make sure that only one bot instance is running
2026-05-11 10:07:29,798 - httpx - INFO - HTTP Request: POST https://api.telegram.org/bot8763806870:AAF9ulkIJmeGxlRzDIl4ikWrPYlcKBhZZLk/getUpdates "HTTP/1.1 409 Conflict"
2026-05-11 10:07:29,799 - telegram.ext.Application - ERROR - No error handlers are registered, logging exception.
Traceback (most recent call last):
  File "C:\Users\User\AppData\Local\Python\pythoncore-3.14-64\Lib\site-packages\telegram\ext\_utils\networkloop.py", line 161, in network_retry_loop
    await do_action()
  File "C:\Users\User\AppData\Local\Python\pythoncore-3.14-64\Lib\site-packages\telegram\ext\_utils\networkloop.py", line 154, in do_action
    action_cb_task.result()
    ~~~~~~~~~~~~~~~~~~~~~^^
  File "C:\Users\User\AppData\Local\Python\pythoncore-3.14-64\Lib\site-packages\telegram\ext\_updater.py", line 340, in polling_action_cb
    updates = await self.bot.get_updates(
              ^^^^^^^^^^^^^^^^^^^^^^^^^^^
    ...<3 lines>...
    )
    ^
  File "C:\Users\User\AppData\Local\Python\pythoncore-3.14-64\Lib\site-packages\telegram\ext\_extbot.py", line 672, in get_updates
    updates = await super().get_updates(
              ^^^^^^^^^^^^^^^^^^^^^^^^^^
    ...<9 lines>...
    )
    ^
  File "C:\Users\User\AppData\Local\Python\pythoncore-3.14-64\Lib\site-packages\telegram\_bot.py", line 4865, in get_updates
    await self._post(
    ^^^^^^^^^^^^^^^^^
    ...<7 lines>...
    ),
    ^
  File "C:\Users\User\AppData\Local\Python\pythoncore-3.14-64\Lib\site-packages\telegram\_bot.py", line 704, in _post
    return await self._do_post(
           ^^^^^^^^^^^^^^^^^^^^
    ...<6 lines>...
    )
    ^
  File "C:\Users\User\AppData\Local\Python\pythoncore-3.14-64\Lib\site-packages\telegram\ext\_extbot.py", line 370, in _do_post
    return await super()._do_post(
           ^^^^^^^^^^^^^^^^^^^^^^^
    ...<6 lines>...
    )
    ^
  File "C:\Users\User\AppData\Local\Python\pythoncore-3.14-64\Lib\site-packages\telegram\_bot.py", line 733, in _do_post
    result = await request.post(
             ^^^^^^^^^^^^^^^^^^^
    ...<6 lines>...
    )
    ^
  File "C:\Users\User\AppData\Local\Python\pythoncore-3.14-64\Lib\site-packages\telegram\request\_baserequest.py", line 198, in post
    result = await self._request_wrapper(
             ^^^^^^^^^^^^^^^^^^^^^^^^^^^^
    ...<7 lines>...
    )
    ^
  File "C:\Users\User\AppData\Local\Python\pythoncore-3.14-64\Lib\site-packages\telegram\request\_baserequest.py", line 375, in _request_wrapper
    raise exception
telegram.error.Conflict: Conflict: terminated by other getUpdates request; make sure that only one bot instance is running
2026-05-11 10:08:04,904 - httpx - INFO - HTTP Request: POST https://api.telegram.org/bot8763806870:AAF9ulkIJmeGxlRzDIl4ikWrPYlcKBhZZLk/getUpdates "HTTP/1.1 409 Conflict"
2026-05-11 10:08:04,906 - telegram.ext.Application - ERROR - No error handlers are registered, logging exception.
Traceback (most recent call last):
  File "C:\Users\User\AppData\Local\Python\pythoncore-3.14-64\Lib\site-packages\telegram\ext\_utils\networkloop.py", line 161, in network_retry_loop
    await do_action()
  File "C:\Users\User\AppData\Local\Python\pythoncore-3.14-64\Lib\site-packages\telegram\ext\_utils\networkloop.py", line 154, in do_action
    action_cb_task.result()
    ~~~~~~~~~~~~~~~~~~~~~^^
  File "C:\Users\User\AppData\Local\Python\pythoncore-3.14-64\Lib\site-packages\telegram\ext\_updater.py", line 340, in polling_action_cb
    updates = await self.bot.get_updates(
              ^^^^^^^^^^^^^^^^^^^^^^^^^^^
    ...<3 lines>...
    )
    ^
  File "C:\Users\User\AppData\Local\Python\pythoncore-3.14-64\Lib\site-packages\telegram\ext\_extbot.py", line 672, in get_updates
    updates = await super().get_updates(
              ^^^^^^^^^^^^^^^^^^^^^^^^^^
    ...<9 lines>...
    )
    ^
  File "C:\Users\User\AppData\Local\Python\pythoncore-3.14-64\Lib\site-packages\telegram\_bot.py", line 4865, in get_updates
    await self._post(
    ^^^^^^^^^^^^^^^^^
    ...<7 lines>...
    ),
    ^
  File "C:\Users\User\AppData\Local\Python\pythoncore-3.14-64\Lib\site-packages\telegram\_bot.py", line 704, in _post
    return await self._do_post(
           ^^^^^^^^^^^^^^^^^^^^
    ...<6 lines>...
    )
    ^
  File "C:\Users\User\AppData\Local\Python\pythoncore-3.14-64\Lib\site-packages\telegram\ext\_extbot.py", line 370, in _do_post
    return await super()._do_post(
           ^^^^^^^^^^^^^^^^^^^^^^^
    ...<6 lines>...
    )
    ^
  File "C:\Users\User\AppData\Local\Python\pythoncore-3.14-64\Lib\site-packages\telegram\_bot.py", line 733, in _do_post
    result = await request.post(
             ^^^^^^^^^^^^^^^^^^^
    ...<6 lines>...
    )
    ^
  File "C:\Users\User\AppData\Local\Python\pythoncore-3.14-64\Lib\site-packages\telegram\request\_baserequest.py", line 198, in post
    result = await self._request_wrapper(
             ^^^^^^^^^^^^^^^^^^^^^^^^^^^^
    ...<7 lines>...
    )
    ^
  File "C:\Users\User\AppData\Local\Python\pythoncore-3.14-64\Lib\site-packages\telegram\request\_baserequest.py", line 375, in _request_wrapper
    raise exception
telegram.error.Conflict: Conflict: terminated by other getUpdates request; make sure that only one bot instance is running
2026-05-11 10:08:39,697 - httpx - INFO - HTTP Request: POST https://api.telegram.org/bot8763806870:AAF9ulkIJmeGxlRzDIl4ikWrPYlcKBhZZLk/getUpdates "HTTP/1.1 409 Conflict"
2026-05-11 10:08:39,699 - telegram.ext.Application - ERROR - No error handlers are registered, logging exception.
Traceback (most recent call last):
  File "C:\Users\User\AppData\Local\Python\pythoncore-3.14-64\Lib\site-packages\telegram\ext\_utils\networkloop.py", line 161, in network_retry_loop
    await do_action()
  File "C:\Users\User\AppData\Local\Python\pythoncore-3.14-64\Lib\site-packages\telegram\ext\_utils\networkloop.py", line 154, in do_action
    action_cb_task.result()
    ~~~~~~~~~~~~~~~~~~~~~^^
  File "C:\Users\User\AppData\Local\Python\pythoncore-3.14-64\Lib\site-packages\telegram\ext\_updater.py", line 340, in polling_action_cb
    updates = await self.bot.get_updates(
              ^^^^^^^^^^^^^^^^^^^^^^^^^^^
    ...<3 lines>...
    )
    ^
  File "C:\Users\User\AppData\Local\Python\pythoncore-3.14-64\Lib\site-packages\telegram\ext\_extbot.py", line 672, in get_updates
    updates = await super().get_updates(
              ^^^^^^^^^^^^^^^^^^^^^^^^^^
    ...<9 lines>...
    )
    ^
  File "C:\Users\User\AppData\Local\Python\pythoncore-3.14-64\Lib\site-packages\telegram\_bot.py", line 4865, in get_updates
    await self._post(
    ^^^^^^^^^^^^^^^^^
    ...<7 lines>...
    ),
    ^
  File "C:\Users\User\AppData\Local\Python\pythoncore-3.14-64\Lib\site-packages\telegram\_bot.py", line 704, in _post
    return await self._do_post(
           ^^^^^^^^^^^^^^^^^^^^
    ...<6 lines>...
    )
    ^
  File "C:\Users\User\AppData\Local\Python\pythoncore-3.14-64\Lib\site-packages\telegram\ext\_extbot.py", line 370, in _do_post
    return await super()._do_post(
           ^^^^^^^^^^^^^^^^^^^^^^^
    ...<6 lines>...
    )
    ^
  File "C:\Users\User\AppData\Local\Python\pythoncore-3.14-64\Lib\site-packages\telegram\_bot.py", line 733, in _do_post
    result = await request.post(
             ^^^^^^^^^^^^^^^^^^^
    ...<6 lines>...
    )
    ^
  File "C:\Users\User\AppData\Local\Python\pythoncore-3.14-64\Lib\site-packages\telegram\request\_baserequest.py", line 198, in post
    result = await self._request_wrapper(
             ^^^^^^^^^^^^^^^^^^^^^^^^^^^^
    ...<7 lines>...
    )
    ^
  File "C:\Users\User\AppData\Local\Python\pythoncore-3.14-64\Lib\site-packages\telegram\request\_baserequest.py", line 375, in _request_wrapper
    raise exception
telegram.error.Conflict: Conflict: terminated by other getUpdates request; make sure that only one bot instance is running
2026-05-11 10:09:14,490 - httpx - INFO - HTTP Request: POST https://api.telegram.org/bot8763806870:AAF9ulkIJmeGxlRzDIl4ikWrPYlcKBhZZLk/getUpdates "HTTP/1.1 409 Conflict"
2026-05-11 10:09:14,492 - telegram.ext.Application - ERROR - No error handlers are registered, logging exception.
Traceback (most recent call last):
  File "C:\Users\User\AppData\Local\Python\pythoncore-3.14-64\Lib\site-packages\telegram\ext\_utils\networkloop.py", line 161, in network_retry_loop
    await do_action()
  File "C:\Users\User\AppData\Local\Python\pythoncore-3.14-64\Lib\site-packages\telegram\ext\_utils\networkloop.py", line 154, in do_action
    action_cb_task.result()
    ~~~~~~~~~~~~~~~~~~~~~^^
  File "C:\Users\User\AppData\Local\Python\pythoncore-3.14-64\Lib\site-packages\telegram\ext\_updater.py", line 340, in polling_action_cb
    updates = await self.bot.get_updates(
              ^^^^^^^^^^^^^^^^^^^^^^^^^^^
    ...<3 lines>...
    )
    ^
  File "C:\Users\User\AppData\Local\Python\pythoncore-3.14-64\Lib\site-packages\telegram\ext\_extbot.py", line 672, in get_updates
    updates = await super().get_updates(
              ^^^^^^^^^^^^^^^^^^^^^^^^^^
    ...<9 lines>...
    )
    ^
  File "C:\Users\User\AppData\Local\Python\pythoncore-3.14-64\Lib\site-packages\telegram\_bot.py", line 4865, in get_updates
    await self._post(
    ^^^^^^^^^^^^^^^^^
    ...<7 lines>...
    ),
    ^
  File "C:\Users\User\AppData\Local\Python\pythoncore-3.14-64\Lib\site-packages\telegram\_bot.py", line 704, in _post
    return await self._do_post(
           ^^^^^^^^^^^^^^^^^^^^
    ...<6 lines>...
    )
    ^
  File "C:\Users\User\AppData\Local\Python\pythoncore-3.14-64\Lib\site-packages\telegram\ext\_extbot.py", line 370, in _do_post
    return await super()._do_post(
           ^^^^^^^^^^^^^^^^^^^^^^^
    ...<6 lines>...
    )
    ^
  File "C:\Users\User\AppData\Local\Python\pythoncore-3.14-64\Lib\site-packages\telegram\_bot.py", line 733, in _do_post
    result = await request.post(
             ^^^^^^^^^^^^^^^^^^^
    ...<6 lines>...
    )
    ^
  File "C:\Users\User\AppData\Local\Python\pythoncore-3.14-64\Lib\site-packages\telegram\request\_baserequest.py", line 198, in post
    result = await self._request_wrapper(
             ^^^^^^^^^^^^^^^^^^^^^^^^^^^^
    ...<7 lines>...
    )
    ^
  File "C:\Users\User\AppData\Local\Python\pythoncore-3.14-64\Lib\site-packages\telegram\request\_baserequest.py", line 375, in _request_wrapper
    raise exception
telegram.error.Conflict: Conflict: terminated by other getUpdates request; make sure that only one bot instance is running
2026-05-11 10:09:49,198 - httpx - INFO - HTTP Request: POST https://api.telegram.org/bot8763806870:AAF9ulkIJmeGxlRzDIl4ikWrPYlcKBhZZLk/getUpdates "HTTP/1.1 409 Conflict"
2026-05-11 10:09:49,199 - telegram.ext.Application - ERROR - No error handlers are registered, logging exception.
Traceback (most recent call last):
  File "C:\Users\User\AppData\Local\Python\pythoncore-3.14-64\Lib\site-packages\telegram\ext\_utils\networkloop.py", line 161, in network_retry_loop
  File "C:\Users\User\AppData\Local\Python\pythoncore-3.14-64\Lib\site-packages\telegram\ext\_utils\networkloop.py", line 154, in do_action
  File "C:\Users\User\AppData\Local\Python\pythoncore-3.14-64\Lib\site-packages\telegram\ext\_updater.py", line 340, in polling_action_cb
        await polling_ready.wait()
                  ^^^^^^^^^^^^^^^^
    ...<3 lines>...
        raise
        ^
  File "C:\Users\User\AppData\Local\Python\pythoncore-3.14-64\Lib\site-packages\telegram\ext\_extbot.py", line 672, in get_updates
        current_offset: Optional[str] = None,
                  ^^^^^^^^^^^^^^^^^^^^^^^^^^^
    ...<9 lines>...
        if self.callback_data_cache is None:
        ^
  File "C:\Users\User\AppData\Local\Python\pythoncore-3.14-64\Lib\site-packages\telegram\_bot.py", line 4865, in get_updates
        , :obj:`True`.
        ^^^^^^^^^^^^^^
    ...<7 lines>...
        "user_id": user_id,
        ^
  File "C:\Users\User\AppData\Local\Python\pythoncore-3.14-64\Lib\site-packages\telegram\_bot.py", line 704, in _post
        )
    
    ...<6 lines>...
    if reply_to_message_id is not None:
    ^
  File "C:\Users\User\AppData\Local\Python\pythoncore-3.14-64\Lib\site-packages\telegram\ext\_extbot.py", line 370, in _do_post
    self._LOGGER.debug(
               ^^^^^^^^
    ...<6 lines>...
        args=(endpoint, data),
        ^
  File "C:\Users\User\AppData\Local\Python\pythoncore-3.14-64\Lib\site-packages\telegram\_bot.py", line 733, in _do_post
    if caption is not None:
             ^^^^^^^^^^^^^^
    ...<6 lines>...
        data["business_connection_id"] = business_connection_id
    
  File "C:\Users\User\AppData\Local\Python\pythoncore-3.14-64\Lib\site-packages\telegram\request\_baserequest.py", line 198, in post
      The JSON response of the Bot API.
             ^^^^^^^^^^^^^^^^^^^^^^^^^^
    ...<7 lines>...
        write_timeout=write_timeout,
    
  File "C:\Users\User\AppData\Local\Python\pythoncore-3.14-64\Lib\site-packages\telegram\request\_baserequest.py", line 375, in _request_wrapper
    # TG returns 404 Not found for
telegram.error.Conflict: Conflict: terminated by other getUpdates request; make sure that only one bot instance is running
2026-05-11 10:10:05,805 - INFO - Database diinisialisasi.
2026-05-11 10:10:06,364 - INFO - Adding job tentatively -- it will be properly scheduled when the scheduler starts
2026-05-11 10:10:06,365 - INFO - Adding job tentatively -- it will be properly scheduled when the scheduler starts
2026-05-11 10:10:06,365 - INFO - Adding job tentatively -- it will be properly scheduled when the scheduler starts
2026-05-11 10:10:06,365 - INFO - IDX StockFlow Bot v2 aktif dan berjalan...
2026-05-11 10:10:06,365 - INFO - Auto scan dijadwalkan: 09:15 WIB
2026-05-11 10:11:45,201 - INFO - Database diinisialisasi.
2026-05-11 10:11:45,742 - INFO - Adding job tentatively -- it will be properly scheduled when the scheduler starts
2026-05-11 10:11:45,743 - INFO - Adding job tentatively -- it will be properly scheduled when the scheduler starts
2026-05-11 10:11:45,743 - INFO - Adding job tentatively -- it will be properly scheduled when the scheduler starts
2026-05-11 10:11:45,743 - INFO - IDX StockFlow Bot v2 aktif dan berjalan...
2026-05-11 10:11:45,744 - INFO - Auto scan dijadwalkan: 09:15 WIB
2026-05-11 10:11:46,361 - INFO - HTTP Request: POST https://api.telegram.org/bot8763806870:AAF9ulkIJmeGxlRzDIl4ikWrPYlcKBhZZLk/getMe "HTTP/1.1 200 OK"
2026-05-11 10:11:46,565 - INFO - HTTP Request: POST https://api.telegram.org/bot8763806870:AAF9ulkIJmeGxlRzDIl4ikWrPYlcKBhZZLk/deleteWebhook "HTTP/1.1 200 OK"
2026-05-11 10:11:46,567 - INFO - Added job "auto_scan_job" to job store "default"
2026-05-11 10:11:46,567 - INFO - Added job "check_alerts_job" to job store "default"
2026-05-11 10:11:46,567 - INFO - Added job "weekly_report_job" to job store "default"
2026-05-11 10:11:46,567 - INFO - Scheduler started
2026-05-11 10:11:46,567 - INFO - Application started
2026-05-11 10:11:51,316 - INFO - HTTP Request: POST https://api.telegram.org/bot8763806870:AAF9ulkIJmeGxlRzDIl4ikWrPYlcKBhZZLk/getUpdates "HTTP/1.1 409 Conflict"
2026-05-11 10:11:51,318 - ERROR - No error handlers are registered, logging exception.
Traceback (most recent call last):
  File "C:\Users\User\AppData\Local\Python\pythoncore-3.14-64\Lib\site-packages\telegram\ext\_utils\networkloop.py", line 161, in network_retry_loop
    await do_action()
  File "C:\Users\User\AppData\Local\Python\pythoncore-3.14-64\Lib\site-packages\telegram\ext\_utils\networkloop.py", line 154, in do_action
    action_cb_task.result()
    ~~~~~~~~~~~~~~~~~~~~~^^
  File "C:\Users\User\AppData\Local\Python\pythoncore-3.14-64\Lib\site-packages\telegram\ext\_updater.py", line 340, in polling_action_cb
    updates = await self.bot.get_updates(
              ^^^^^^^^^^^^^^^^^^^^^^^^^^^
    ...<3 lines>...
    )
    ^
  File "C:\Users\User\AppData\Local\Python\pythoncore-3.14-64\Lib\site-packages\telegram\ext\_extbot.py", line 672, in get_updates
    updates = await super().get_updates(
              ^^^^^^^^^^^^^^^^^^^^^^^^^^
    ...<9 lines>...
    )
    ^
  File "C:\Users\User\AppData\Local\Python\pythoncore-3.14-64\Lib\site-packages\telegram\_bot.py", line 4865, in get_updates
    await self._post(
    ^^^^^^^^^^^^^^^^^
    ...<7 lines>...
    ),
    ^
  File "C:\Users\User\AppData\Local\Python\pythoncore-3.14-64\Lib\site-packages\telegram\_bot.py", line 704, in _post
    return await self._do_post(
           ^^^^^^^^^^^^^^^^^^^^
    ...<6 lines>...
    )
    ^
  File "C:\Users\User\AppData\Local\Python\pythoncore-3.14-64\Lib\site-packages\telegram\ext\_extbot.py", line 370, in _do_post
    return await super()._do_post(
           ^^^^^^^^^^^^^^^^^^^^^^^
    ...<6 lines>...
    )
    ^
  File "C:\Users\User\AppData\Local\Python\pythoncore-3.14-64\Lib\site-packages\telegram\_bot.py", line 733, in _do_post
    result = await request.post(
             ^^^^^^^^^^^^^^^^^^^
    ...<6 lines>...
    )
    ^
  File "C:\Users\User\AppData\Local\Python\pythoncore-3.14-64\Lib\site-packages\telegram\request\_baserequest.py", line 198, in post
    result = await self._request_wrapper(
             ^^^^^^^^^^^^^^^^^^^^^^^^^^^^
    ...<7 lines>...
    )
    ^
  File "C:\Users\User\AppData\Local\Python\pythoncore-3.14-64\Lib\site-packages\telegram\request\_baserequest.py", line 375, in _request_wrapper
    raise exception
telegram.error.Conflict: Conflict: terminated by other getUpdates request; make sure that only one bot instance is running
2026-05-11 10:11:57,182 - INFO - HTTP Request: POST https://api.telegram.org/bot8763806870:AAF9ulkIJmeGxlRzDIl4ikWrPYlcKBhZZLk/getUpdates "HTTP/1.1 409 Conflict"
2026-05-11 10:11:57,183 - ERROR - No error handlers are registered, logging exception.
Traceback (most recent call last):
  File "C:\Users\User\AppData\Local\Python\pythoncore-3.14-64\Lib\site-packages\telegram\ext\_utils\networkloop.py", line 161, in network_retry_loop
    await do_action()
  File "C:\Users\User\AppData\Local\Python\pythoncore-3.14-64\Lib\site-packages\telegram\ext\_utils\networkloop.py", line 154, in do_action
    action_cb_task.result()
    ~~~~~~~~~~~~~~~~~~~~~^^
  File "C:\Users\User\AppData\Local\Python\pythoncore-3.14-64\Lib\site-packages\telegram\ext\_updater.py", line 340, in polling_action_cb
    updates = await self.bot.get_updates(
              ^^^^^^^^^^^^^^^^^^^^^^^^^^^
    ...<3 lines>...
    )
    ^
  File "C:\Users\User\AppData\Local\Python\pythoncore-3.14-64\Lib\site-packages\telegram\ext\_extbot.py", line 672, in get_updates
    updates = await super().get_updates(
              ^^^^^^^^^^^^^^^^^^^^^^^^^^
    ...<9 lines>...
    )
    ^
  File "C:\Users\User\AppData\Local\Python\pythoncore-3.14-64\Lib\site-packages\telegram\_bot.py", line 4865, in get_updates
    await self._post(
    ^^^^^^^^^^^^^^^^^
    ...<7 lines>...
    ),
    ^
  File "C:\Users\User\AppData\Local\Python\pythoncore-3.14-64\Lib\site-packages\telegram\_bot.py", line 704, in _post
    return await self._do_post(
           ^^^^^^^^^^^^^^^^^^^^
    ...<6 lines>...
    )
    ^
  File "C:\Users\User\AppData\Local\Python\pythoncore-3.14-64\Lib\site-packages\telegram\ext\_extbot.py", line 370, in _do_post
    return await super()._do_post(
           ^^^^^^^^^^^^^^^^^^^^^^^
    ...<6 lines>...
    )
    ^
  File "C:\Users\User\AppData\Local\Python\pythoncore-3.14-64\Lib\site-packages\telegram\_bot.py", line 733, in _do_post
    result = await request.post(
             ^^^^^^^^^^^^^^^^^^^
    ...<6 lines>...
    )
    ^
  File "C:\Users\User\AppData\Local\Python\pythoncore-3.14-64\Lib\site-packages\telegram\request\_baserequest.py", line 198, in post
    result = await self._request_wrapper(
             ^^^^^^^^^^^^^^^^^^^^^^^^^^^^
    ...<7 lines>...
    )
    ^
  File "C:\Users\User\AppData\Local\Python\pythoncore-3.14-64\Lib\site-packages\telegram\request\_baserequest.py", line 375, in _request_wrapper
    raise exception
telegram.error.Conflict: Conflict: terminated by other getUpdates request; make sure that only one bot instance is running
2026-05-11 10:12:03,035 - INFO - HTTP Request: POST https://api.telegram.org/bot8763806870:AAF9ulkIJmeGxlRzDIl4ikWrPYlcKBhZZLk/getUpdates "HTTP/1.1 409 Conflict"
2026-05-11 10:12:03,037 - ERROR - No error handlers are registered, logging exception.
Traceback (most recent call last):
  File "C:\Users\User\AppData\Local\Python\pythoncore-3.14-64\Lib\site-packages\telegram\ext\_utils\networkloop.py", line 161, in network_retry_loop
    await do_action()
  File "C:\Users\User\AppData\Local\Python\pythoncore-3.14-64\Lib\site-packages\telegram\ext\_utils\networkloop.py", line 154, in do_action
    action_cb_task.result()
    ~~~~~~~~~~~~~~~~~~~~~^^
  File "C:\Users\User\AppData\Local\Python\pythoncore-3.14-64\Lib\site-packages\telegram\ext\_updater.py", line 340, in polling_action_cb
    updates = await self.bot.get_updates(
              ^^^^^^^^^^^^^^^^^^^^^^^^^^^
    ...<3 lines>...
    )
    ^
  File "C:\Users\User\AppData\Local\Python\pythoncore-3.14-64\Lib\site-packages\telegram\ext\_extbot.py", line 672, in get_updates
    updates = await super().get_updates(
              ^^^^^^^^^^^^^^^^^^^^^^^^^^
    ...<9 lines>...
    )
    ^
  File "C:\Users\User\AppData\Local\Python\pythoncore-3.14-64\Lib\site-packages\telegram\_bot.py", line 4865, in get_updates
    await self._post(
    ^^^^^^^^^^^^^^^^^
    ...<7 lines>...
    ),
    ^
  File "C:\Users\User\AppData\Local\Python\pythoncore-3.14-64\Lib\site-packages\telegram\_bot.py", line 704, in _post
    return await self._do_post(
           ^^^^^^^^^^^^^^^^^^^^
    ...<6 lines>...
    )
    ^
  File "C:\Users\User\AppData\Local\Python\pythoncore-3.14-64\Lib\site-packages\telegram\ext\_extbot.py", line 370, in _do_post
    return await super()._do_post(
           ^^^^^^^^^^^^^^^^^^^^^^^
    ...<6 lines>...
    )
    ^
  File "C:\Users\User\AppData\Local\Python\pythoncore-3.14-64\Lib\site-packages\telegram\_bot.py", line 733, in _do_post
    result = await request.post(
             ^^^^^^^^^^^^^^^^^^^
    ...<6 lines>...
    )
    ^
  File "C:\Users\User\AppData\Local\Python\pythoncore-3.14-64\Lib\site-packages\telegram\request\_baserequest.py", line 198, in post
    result = await self._request_wrapper(
             ^^^^^^^^^^^^^^^^^^^^^^^^^^^^
    ...<7 lines>...
    )
    ^
  File "C:\Users\User\AppData\Local\Python\pythoncore-3.14-64\Lib\site-packages\telegram\request\_baserequest.py", line 375, in _request_wrapper
    raise exception
telegram.error.Conflict: Conflict: terminated by other getUpdates request; make sure that only one bot instance is running
2026-05-11 10:12:14,626 - INFO - HTTP Request: POST https://api.telegram.org/bot8763806870:AAF9ulkIJmeGxlRzDIl4ikWrPYlcKBhZZLk/getUpdates "HTTP/1.1 409 Conflict"
2026-05-11 10:12:14,627 - ERROR - No error handlers are registered, logging exception.
Traceback (most recent call last):
  File "C:\Users\User\AppData\Local\Python\pythoncore-3.14-64\Lib\site-packages\telegram\ext\_utils\networkloop.py", line 161, in network_retry_loop
    await do_action()
  File "C:\Users\User\AppData\Local\Python\pythoncore-3.14-64\Lib\site-packages\telegram\ext\_utils\networkloop.py", line 154, in do_action
    action_cb_task.result()
    ~~~~~~~~~~~~~~~~~~~~~^^
  File "C:\Users\User\AppData\Local\Python\pythoncore-3.14-64\Lib\site-packages\telegram\ext\_updater.py", line 340, in polling_action_cb
    updates = await self.bot.get_updates(
              ^^^^^^^^^^^^^^^^^^^^^^^^^^^
    ...<3 lines>...
    )
    ^
  File "C:\Users\User\AppData\Local\Python\pythoncore-3.14-64\Lib\site-packages\telegram\ext\_extbot.py", line 672, in get_updates
    updates = await super().get_updates(
              ^^^^^^^^^^^^^^^^^^^^^^^^^^
    ...<9 lines>...
    )
    ^
  File "C:\Users\User\AppData\Local\Python\pythoncore-3.14-64\Lib\site-packages\telegram\_bot.py", line 4865, in get_updates
    await self._post(
    ^^^^^^^^^^^^^^^^^
    ...<7 lines>...
    ),
    ^
  File "C:\Users\User\AppData\Local\Python\pythoncore-3.14-64\Lib\site-packages\telegram\_bot.py", line 704, in _post
    return await self._do_post(
           ^^^^^^^^^^^^^^^^^^^^
    ...<6 lines>...
    )
    ^
  File "C:\Users\User\AppData\Local\Python\pythoncore-3.14-64\Lib\site-packages\telegram\ext\_extbot.py", line 370, in _do_post
    return await super()._do_post(
           ^^^^^^^^^^^^^^^^^^^^^^^
    ...<6 lines>...
    )
    ^
  File "C:\Users\User\AppData\Local\Python\pythoncore-3.14-64\Lib\site-packages\telegram\_bot.py", line 733, in _do_post
    result = await request.post(
             ^^^^^^^^^^^^^^^^^^^
    ...<6 lines>...
    )
    ^
  File "C:\Users\User\AppData\Local\Python\pythoncore-3.14-64\Lib\site-packages\telegram\request\_baserequest.py", line 198, in post
    result = await self._request_wrapper(
             ^^^^^^^^^^^^^^^^^^^^^^^^^^^^
    ...<7 lines>...
    )
    ^
  File "C:\Users\User\AppData\Local\Python\pythoncore-3.14-64\Lib\site-packages\telegram\request\_baserequest.py", line 375, in _request_wrapper
    raise exception
telegram.error.Conflict: Conflict: terminated by other getUpdates request; make sure that only one bot instance is running
2026-05-11 10:12:22,869 - INFO - HTTP Request: POST https://api.telegram.org/bot8763806870:AAF9ulkIJmeGxlRzDIl4ikWrPYlcKBhZZLk/getUpdates "HTTP/1.1 409 Conflict"
2026-05-11 10:12:22,870 - ERROR - No error handlers are registered, logging exception.
Traceback (most recent call last):
  File "C:\Users\User\AppData\Local\Python\pythoncore-3.14-64\Lib\site-packages\telegram\ext\_utils\networkloop.py", line 161, in network_retry_loop
    await do_action()
  File "C:\Users\User\AppData\Local\Python\pythoncore-3.14-64\Lib\site-packages\telegram\ext\_utils\networkloop.py", line 154, in do_action
    action_cb_task.result()
    ~~~~~~~~~~~~~~~~~~~~~^^
  File "C:\Users\User\AppData\Local\Python\pythoncore-3.14-64\Lib\site-packages\telegram\ext\_updater.py", line 340, in polling_action_cb
    updates = await self.bot.get_updates(
              ^^^^^^^^^^^^^^^^^^^^^^^^^^^
    ...<3 lines>...
    )
    ^
  File "C:\Users\User\AppData\Local\Python\pythoncore-3.14-64\Lib\site-packages\telegram\ext\_extbot.py", line 672, in get_updates
    updates = await super().get_updates(
              ^^^^^^^^^^^^^^^^^^^^^^^^^^
    ...<9 lines>...
    )
    ^
  File "C:\Users\User\AppData\Local\Python\pythoncore-3.14-64\Lib\site-packages\telegram\_bot.py", line 4865, in get_updates
    await self._post(
    ^^^^^^^^^^^^^^^^^
    ...<7 lines>...
    ),
    ^
  File "C:\Users\User\AppData\Local\Python\pythoncore-3.14-64\Lib\site-packages\telegram\_bot.py", line 704, in _post
    return await self._do_post(
           ^^^^^^^^^^^^^^^^^^^^
    ...<6 lines>...
    )
    ^
  File "C:\Users\User\AppData\Local\Python\pythoncore-3.14-64\Lib\site-packages\telegram\ext\_extbot.py", line 370, in _do_post
    return await super()._do_post(
           ^^^^^^^^^^^^^^^^^^^^^^^
    ...<6 lines>...
    )
    ^
  File "C:\Users\User\AppData\Local\Python\pythoncore-3.14-64\Lib\site-packages\telegram\_bot.py", line 733, in _do_post
    result = await request.post(
             ^^^^^^^^^^^^^^^^^^^
    ...<6 lines>...
    )
    ^
  File "C:\Users\User\AppData\Local\Python\pythoncore-3.14-64\Lib\site-packages\telegram\request\_baserequest.py", line 198, in post
    result = await self._request_wrapper(
             ^^^^^^^^^^^^^^^^^^^^^^^^^^^^
    ...<7 lines>...
    )
    ^
  File "C:\Users\User\AppData\Local\Python\pythoncore-3.14-64\Lib\site-packages\telegram\request\_baserequest.py", line 375, in _request_wrapper
    raise exception
telegram.error.Conflict: Conflict: terminated by other getUpdates request; make sure that only one bot instance is running
2026-05-11 10:12:33,970 - INFO - HTTP Request: POST https://api.telegram.org/bot8763806870:AAF9ulkIJmeGxlRzDIl4ikWrPYlcKBhZZLk/getUpdates "HTTP/1.1 409 Conflict"
2026-05-11 10:12:33,971 - ERROR - No error handlers are registered, logging exception.
Traceback (most recent call last):
  File "C:\Users\User\AppData\Local\Python\pythoncore-3.14-64\Lib\site-packages\telegram\ext\_utils\networkloop.py", line 161, in network_retry_loop
    await do_action()
  File "C:\Users\User\AppData\Local\Python\pythoncore-3.14-64\Lib\site-packages\telegram\ext\_utils\networkloop.py", line 154, in do_action
    action_cb_task.result()
    ~~~~~~~~~~~~~~~~~~~~~^^
  File "C:\Users\User\AppData\Local\Python\pythoncore-3.14-64\Lib\site-packages\telegram\ext\_updater.py", line 340, in polling_action_cb
    updates = await self.bot.get_updates(
              ^^^^^^^^^^^^^^^^^^^^^^^^^^^
    ...<3 lines>...
    )
    ^
  File "C:\Users\User\AppData\Local\Python\pythoncore-3.14-64\Lib\site-packages\telegram\ext\_extbot.py", line 672, in get_updates
    updates = await super().get_updates(
              ^^^^^^^^^^^^^^^^^^^^^^^^^^
    ...<9 lines>...
    )
    ^
  File "C:\Users\User\AppData\Local\Python\pythoncore-3.14-64\Lib\site-packages\telegram\_bot.py", line 4865, in get_updates
    await self._post(
    ^^^^^^^^^^^^^^^^^
    ...<7 lines>...
    ),
    ^
  File "C:\Users\User\AppData\Local\Python\pythoncore-3.14-64\Lib\site-packages\telegram\_bot.py", line 704, in _post
    return await self._do_post(
           ^^^^^^^^^^^^^^^^^^^^
    ...<6 lines>...
    )
    ^
  File "C:\Users\User\AppData\Local\Python\pythoncore-3.14-64\Lib\site-packages\telegram\ext\_extbot.py", line 370, in _do_post
    return await super()._do_post(
           ^^^^^^^^^^^^^^^^^^^^^^^
    ...<6 lines>...
    )
    ^
  File "C:\Users\User\AppData\Local\Python\pythoncore-3.14-64\Lib\site-packages\telegram\_bot.py", line 733, in _do_post
    result = await request.post(
             ^^^^^^^^^^^^^^^^^^^
    ...<6 lines>...
    )
    ^
  File "C:\Users\User\AppData\Local\Python\pythoncore-3.14-64\Lib\site-packages\telegram\request\_baserequest.py", line 198, in post
    result = await self._request_wrapper(
             ^^^^^^^^^^^^^^^^^^^^^^^^^^^^
    ...<7 lines>...
    )
    ^
  File "C:\Users\User\AppData\Local\Python\pythoncore-3.14-64\Lib\site-packages\telegram\request\_baserequest.py", line 375, in _request_wrapper
    raise exception
telegram.error.Conflict: Conflict: terminated by other getUpdates request; make sure that only one bot instance is running
2026-05-11 10:12:45,746 - INFO - Running job "check_alerts_job (trigger: interval[0:15:00], next run at: 2026-05-11 03:27:45 UTC)" (scheduled at 2026-05-11 03:12:45.742907+00:00)
2026-05-11 10:12:45,748 - INFO - Job "check_alerts_job (trigger: interval[0:15:00], next run at: 2026-05-11 03:27:45 UTC)" executed successfully
2026-05-11 10:12:46,347 - INFO - HTTP Request: POST https://api.telegram.org/bot8763806870:AAF9ulkIJmeGxlRzDIl4ikWrPYlcKBhZZLk/getUpdates "HTTP/1.1 409 Conflict"
2026-05-11 10:12:46,348 - ERROR - No error handlers are registered, logging exception.
Traceback (most recent call last):
  File "C:\Users\User\AppData\Local\Python\pythoncore-3.14-64\Lib\site-packages\telegram\ext\_utils\networkloop.py", line 161, in network_retry_loop
    await do_action()
  File "C:\Users\User\AppData\Local\Python\pythoncore-3.14-64\Lib\site-packages\telegram\ext\_utils\networkloop.py", line 154, in do_action
    action_cb_task.result()
    ~~~~~~~~~~~~~~~~~~~~~^^
  File "C:\Users\User\AppData\Local\Python\pythoncore-3.14-64\Lib\site-packages\telegram\ext\_updater.py", line 340, in polling_action_cb
    updates = await self.bot.get_updates(
              ^^^^^^^^^^^^^^^^^^^^^^^^^^^
    ...<3 lines>...
    )
    ^
  File "C:\Users\User\AppData\Local\Python\pythoncore-3.14-64\Lib\site-packages\telegram\ext\_extbot.py", line 672, in get_updates
    updates = await super().get_updates(
              ^^^^^^^^^^^^^^^^^^^^^^^^^^
    ...<9 lines>...
    )
    ^
  File "C:\Users\User\AppData\Local\Python\pythoncore-3.14-64\Lib\site-packages\telegram\_bot.py", line 4865, in get_updates
    await self._post(
    ^^^^^^^^^^^^^^^^^
    ...<7 lines>...
    ),
    ^
  File "C:\Users\User\AppData\Local\Python\pythoncore-3.14-64\Lib\site-packages\telegram\_bot.py", line 704, in _post
    return await self._do_post(
           ^^^^^^^^^^^^^^^^^^^^
    ...<6 lines>...
    )
    ^
  File "C:\Users\User\AppData\Local\Python\pythoncore-3.14-64\Lib\site-packages\telegram\ext\_extbot.py", line 370, in _do_post
    return await super()._do_post(
           ^^^^^^^^^^^^^^^^^^^^^^^
    ...<6 lines>...
    )
    ^
  File "C:\Users\User\AppData\Local\Python\pythoncore-3.14-64\Lib\site-packages\telegram\_bot.py", line 733, in _do_post
    result = await request.post(
             ^^^^^^^^^^^^^^^^^^^
    ...<6 lines>...
    )
    ^
  File "C:\Users\User\AppData\Local\Python\pythoncore-3.14-64\Lib\site-packages\telegram\request\_baserequest.py", line 198, in post
    result = await self._request_wrapper(
             ^^^^^^^^^^^^^^^^^^^^^^^^^^^^
    ...<7 lines>...
    )
    ^
  File "C:\Users\User\AppData\Local\Python\pythoncore-3.14-64\Lib\site-packages\telegram\request\_baserequest.py", line 375, in _request_wrapper
    raise exception
telegram.error.Conflict: Conflict: terminated by other getUpdates request; make sure that only one bot instance is running
2026-05-11 10:13:04,870 - INFO - HTTP Request: POST https://api.telegram.org/bot8763806870:AAF9ulkIJmeGxlRzDIl4ikWrPYlcKBhZZLk/getUpdates "HTTP/1.1 409 Conflict"
2026-05-11 10:13:04,871 - ERROR - No error handlers are registered, logging exception.
Traceback (most recent call last):
  File "C:\Users\User\AppData\Local\Python\pythoncore-3.14-64\Lib\site-packages\telegram\ext\_utils\networkloop.py", line 161, in network_retry_loop
    await do_action()
  File "C:\Users\User\AppData\Local\Python\pythoncore-3.14-64\Lib\site-packages\telegram\ext\_utils\networkloop.py", line 154, in do_action
    action_cb_task.result()
    ~~~~~~~~~~~~~~~~~~~~~^^
  File "C:\Users\User\AppData\Local\Python\pythoncore-3.14-64\Lib\site-packages\telegram\ext\_updater.py", line 340, in polling_action_cb
    updates = await self.bot.get_updates(
              ^^^^^^^^^^^^^^^^^^^^^^^^^^^
    ...<3 lines>...
    )
    ^
  File "C:\Users\User\AppData\Local\Python\pythoncore-3.14-64\Lib\site-packages\telegram\ext\_extbot.py", line 672, in get_updates
    updates = await super().get_updates(
              ^^^^^^^^^^^^^^^^^^^^^^^^^^
    ...<9 lines>...
    )
    ^
  File "C:\Users\User\AppData\Local\Python\pythoncore-3.14-64\Lib\site-packages\telegram\_bot.py", line 4865, in get_updates
    await self._post(
    ^^^^^^^^^^^^^^^^^
    ...<7 lines>...
    ),
    ^
  File "C:\Users\User\AppData\Local\Python\pythoncore-3.14-64\Lib\site-packages\telegram\_bot.py", line 704, in _post
    return await self._do_post(
           ^^^^^^^^^^^^^^^^^^^^
    ...<6 lines>...
    )
    ^
  File "C:\Users\User\AppData\Local\Python\pythoncore-3.14-64\Lib\site-packages\telegram\ext\_extbot.py", line 370, in _do_post
    return await super()._do_post(
           ^^^^^^^^^^^^^^^^^^^^^^^
    ...<6 lines>...
    )
    ^
  File "C:\Users\User\AppData\Local\Python\pythoncore-3.14-64\Lib\site-packages\telegram\_bot.py", line 733, in _do_post
    result = await request.post(
             ^^^^^^^^^^^^^^^^^^^
    ...<6 lines>...
    )
    ^
  File "C:\Users\User\AppData\Local\Python\pythoncore-3.14-64\Lib\site-packages\telegram\request\_baserequest.py", line 198, in post
    result = await self._request_wrapper(
             ^^^^^^^^^^^^^^^^^^^^^^^^^^^^
    ...<7 lines>...
    )
    ^
  File "C:\Users\User\AppData\Local\Python\pythoncore-3.14-64\Lib\site-packages\telegram\request\_baserequest.py", line 375, in _request_wrapper
    raise exception
telegram.error.Conflict: Conflict: terminated by other getUpdates request; make sure that only one bot instance is running
2026-05-11 10:13:26,917 - INFO - HTTP Request: POST https://api.telegram.org/bot8763806870:AAF9ulkIJmeGxlRzDIl4ikWrPYlcKBhZZLk/getUpdates "HTTP/1.1 409 Conflict"
2026-05-11 10:13:26,919 - ERROR - No error handlers are registered, logging exception.
Traceback (most recent call last):
  File "C:\Users\User\AppData\Local\Python\pythoncore-3.14-64\Lib\site-packages\telegram\ext\_utils\networkloop.py", line 161, in network_retry_loop
    await do_action()
  File "C:\Users\User\AppData\Local\Python\pythoncore-3.14-64\Lib\site-packages\telegram\ext\_utils\networkloop.py", line 154, in do_action
    action_cb_task.result()
    ~~~~~~~~~~~~~~~~~~~~~^^
  File "C:\Users\User\AppData\Local\Python\pythoncore-3.14-64\Lib\site-packages\telegram\ext\_updater.py", line 340, in polling_action_cb
    updates = await self.bot.get_updates(
              ^^^^^^^^^^^^^^^^^^^^^^^^^^^
    ...<3 lines>...
    )
    ^
  File "C:\Users\User\AppData\Local\Python\pythoncore-3.14-64\Lib\site-packages\telegram\ext\_extbot.py", line 672, in get_updates
    updates = await super().get_updates(
              ^^^^^^^^^^^^^^^^^^^^^^^^^^
    ...<9 lines>...
    )
    ^
  File "C:\Users\User\AppData\Local\Python\pythoncore-3.14-64\Lib\site-packages\telegram\_bot.py", line 4865, in get_updates
    await self._post(
    ^^^^^^^^^^^^^^^^^
    ...<7 lines>...
    ),
    ^
  File "C:\Users\User\AppData\Local\Python\pythoncore-3.14-64\Lib\site-packages\telegram\_bot.py", line 704, in _post
    return await self._do_post(
           ^^^^^^^^^^^^^^^^^^^^
    ...<6 lines>...
    )
    ^
  File "C:\Users\User\AppData\Local\Python\pythoncore-3.14-64\Lib\site-packages\telegram\ext\_extbot.py", line 370, in _do_post
    return await super()._do_post(
           ^^^^^^^^^^^^^^^^^^^^^^^
    ...<6 lines>...
    )
    ^
  File "C:\Users\User\AppData\Local\Python\pythoncore-3.14-64\Lib\site-packages\telegram\_bot.py", line 733, in _do_post
    result = await request.post(
             ^^^^^^^^^^^^^^^^^^^
    ...<6 lines>...
    )
    ^
  File "C:\Users\User\AppData\Local\Python\pythoncore-3.14-64\Lib\site-packages\telegram\request\_baserequest.py", line 198, in post
    result = await self._request_wrapper(
             ^^^^^^^^^^^^^^^^^^^^^^^^^^^^
    ...<7 lines>...
    )
    ^
  File "C:\Users\User\AppData\Local\Python\pythoncore-3.14-64\Lib\site-packages\telegram\request\_baserequest.py", line 375, in _request_wrapper
    raise exception
telegram.error.Conflict: Conflict: terminated by other getUpdates request; make sure that only one bot instance is running
2026-05-11 10:13:57,299 - INFO - HTTP Request: POST https://api.telegram.org/bot8763806870:AAF9ulkIJmeGxlRzDIl4ikWrPYlcKBhZZLk/getUpdates "HTTP/1.1 409 Conflict"
2026-05-11 10:13:57,301 - ERROR - No error handlers are registered, logging exception.
Traceback (most recent call last):
  File "C:\Users\User\AppData\Local\Python\pythoncore-3.14-64\Lib\site-packages\telegram\ext\_utils\networkloop.py", line 161, in network_retry_loop
    await do_action()
  File "C:\Users\User\AppData\Local\Python\pythoncore-3.14-64\Lib\site-packages\telegram\ext\_utils\networkloop.py", line 154, in do_action
    action_cb_task.result()
    ~~~~~~~~~~~~~~~~~~~~~^^
  File "C:\Users\User\AppData\Local\Python\pythoncore-3.14-64\Lib\site-packages\telegram\ext\_updater.py", line 340, in polling_action_cb
    updates = await self.bot.get_updates(
              ^^^^^^^^^^^^^^^^^^^^^^^^^^^
    ...<3 lines>...
    )
    ^
  File "C:\Users\User\AppData\Local\Python\pythoncore-3.14-64\Lib\site-packages\telegram\ext\_extbot.py", line 672, in get_updates
    updates = await super().get_updates(
              ^^^^^^^^^^^^^^^^^^^^^^^^^^
    ...<9 lines>...
    )
    ^
  File "C:\Users\User\AppData\Local\Python\pythoncore-3.14-64\Lib\site-packages\telegram\_bot.py", line 4865, in get_updates
    await self._post(
    ^^^^^^^^^^^^^^^^^
    ...<7 lines>...
    ),
    ^
  File "C:\Users\User\AppData\Local\Python\pythoncore-3.14-64\Lib\site-packages\telegram\_bot.py", line 704, in _post
    return await self._do_post(
           ^^^^^^^^^^^^^^^^^^^^
    ...<6 lines>...
    )
    ^
  File "C:\Users\User\AppData\Local\Python\pythoncore-3.14-64\Lib\site-packages\telegram\ext\_extbot.py", line 370, in _do_post
    return await super()._do_post(
           ^^^^^^^^^^^^^^^^^^^^^^^
    ...<6 lines>...
    )
    ^
  File "C:\Users\User\AppData\Local\Python\pythoncore-3.14-64\Lib\site-packages\telegram\_bot.py", line 733, in _do_post
    result = await request.post(
             ^^^^^^^^^^^^^^^^^^^
    ...<6 lines>...
    )
    ^
  File "C:\Users\User\AppData\Local\Python\pythoncore-3.14-64\Lib\site-packages\telegram\request\_baserequest.py", line 198, in post
    result = await self._request_wrapper(
             ^^^^^^^^^^^^^^^^^^^^^^^^^^^^
    ...<7 lines>...
    )
    ^
  File "C:\Users\User\AppData\Local\Python\pythoncore-3.14-64\Lib\site-packages\telegram\request\_baserequest.py", line 375, in _request_wrapper
    raise exception
telegram.error.Conflict: Conflict: terminated by other getUpdates request; make sure that only one bot instance is running
2026-05-11 10:14:32,026 - INFO - HTTP Request: POST https://api.telegram.org/bot8763806870:AAF9ulkIJmeGxlRzDIl4ikWrPYlcKBhZZLk/getUpdates "HTTP/1.1 409 Conflict"
2026-05-11 10:14:32,027 - ERROR - No error handlers are registered, logging exception.
Traceback (most recent call last):
  File "C:\Users\User\AppData\Local\Python\pythoncore-3.14-64\Lib\site-packages\telegram\ext\_utils\networkloop.py", line 161, in network_retry_loop
    await do_action()
  File "C:\Users\User\AppData\Local\Python\pythoncore-3.14-64\Lib\site-packages\telegram\ext\_utils\networkloop.py", line 154, in do_action
    action_cb_task.result()
    ~~~~~~~~~~~~~~~~~~~~~^^
  File "C:\Users\User\AppData\Local\Python\pythoncore-3.14-64\Lib\site-packages\telegram\ext\_updater.py", line 340, in polling_action_cb
    updates = await self.bot.get_updates(
              ^^^^^^^^^^^^^^^^^^^^^^^^^^^
    ...<3 lines>...
    )
    ^
  File "C:\Users\User\AppData\Local\Python\pythoncore-3.14-64\Lib\site-packages\telegram\ext\_extbot.py", line 672, in get_updates
    updates = await super().get_updates(
              ^^^^^^^^^^^^^^^^^^^^^^^^^^
    ...<9 lines>...
    )
    ^
  File "C:\Users\User\AppData\Local\Python\pythoncore-3.14-64\Lib\site-packages\telegram\_bot.py", line 4865, in get_updates
    await self._post(
    ^^^^^^^^^^^^^^^^^
    ...<7 lines>...
    ),
    ^
  File "C:\Users\User\AppData\Local\Python\pythoncore-3.14-64\Lib\site-packages\telegram\_bot.py", line 704, in _post
    return await self._do_post(
           ^^^^^^^^^^^^^^^^^^^^
    ...<6 lines>...
    )
    ^
  File "C:\Users\User\AppData\Local\Python\pythoncore-3.14-64\Lib\site-packages\telegram\ext\_extbot.py", line 370, in _do_post
    return await super()._do_post(
           ^^^^^^^^^^^^^^^^^^^^^^^
    ...<6 lines>...
    )
    ^
  File "C:\Users\User\AppData\Local\Python\pythoncore-3.14-64\Lib\site-packages\telegram\_bot.py", line 733, in _do_post
    result = await request.post(
             ^^^^^^^^^^^^^^^^^^^
    ...<6 lines>...
    )
    ^
  File "C:\Users\User\AppData\Local\Python\pythoncore-3.14-64\Lib\site-packages\telegram\request\_baserequest.py", line 198, in post
    result = await self._request_wrapper(
             ^^^^^^^^^^^^^^^^^^^^^^^^^^^^
    ...<7 lines>...
    )
    ^
  File "C:\Users\User\AppData\Local\Python\pythoncore-3.14-64\Lib\site-packages\telegram\request\_baserequest.py", line 375, in _request_wrapper
    raise exception
telegram.error.Conflict: Conflict: terminated by other getUpdates request; make sure that only one bot instance is running
2026-05-11 10:15:06,821 - INFO - HTTP Request: POST https://api.telegram.org/bot8763806870:AAF9ulkIJmeGxlRzDIl4ikWrPYlcKBhZZLk/getUpdates "HTTP/1.1 409 Conflict"
2026-05-11 10:15:06,822 - ERROR - No error handlers are registered, logging exception.
Traceback (most recent call last):
  File "C:\Users\User\AppData\Local\Python\pythoncore-3.14-64\Lib\site-packages\telegram\ext\_utils\networkloop.py", line 161, in network_retry_loop
    await do_action()
  File "C:\Users\User\AppData\Local\Python\pythoncore-3.14-64\Lib\site-packages\telegram\ext\_utils\networkloop.py", line 154, in do_action
    action_cb_task.result()
    ~~~~~~~~~~~~~~~~~~~~~^^
  File "C:\Users\User\AppData\Local\Python\pythoncore-3.14-64\Lib\site-packages\telegram\ext\_updater.py", line 340, in polling_action_cb
    updates = await self.bot.get_updates(
              ^^^^^^^^^^^^^^^^^^^^^^^^^^^
    ...<3 lines>...
    )
    ^
  File "C:\Users\User\AppData\Local\Python\pythoncore-3.14-64\Lib\site-packages\telegram\ext\_extbot.py", line 672, in get_updates
    updates = await super().get_updates(
              ^^^^^^^^^^^^^^^^^^^^^^^^^^
    ...<9 lines>...
    )
    ^
  File "C:\Users\User\AppData\Local\Python\pythoncore-3.14-64\Lib\site-packages\telegram\_bot.py", line 4865, in get_updates
    await self._post(
    ^^^^^^^^^^^^^^^^^
    ...<7 lines>...
    ),
    ^
  File "C:\Users\User\AppData\Local\Python\pythoncore-3.14-64\Lib\site-packages\telegram\_bot.py", line 704, in _post
    return await self._do_post(
           ^^^^^^^^^^^^^^^^^^^^
    ...<6 lines>...
    )
    ^
  File "C:\Users\User\AppData\Local\Python\pythoncore-3.14-64\Lib\site-packages\telegram\ext\_extbot.py", line 370, in _do_post
    return await super()._do_post(
           ^^^^^^^^^^^^^^^^^^^^^^^
    ...<6 lines>...
    )
    ^
  File "C:\Users\User\AppData\Local\Python\pythoncore-3.14-64\Lib\site-packages\telegram\_bot.py", line 733, in _do_post
    result = await request.post(
             ^^^^^^^^^^^^^^^^^^^
    ...<6 lines>...
    )
    ^
  File "C:\Users\User\AppData\Local\Python\pythoncore-3.14-64\Lib\site-packages\telegram\request\_baserequest.py", line 198, in post
    result = await self._request_wrapper(
             ^^^^^^^^^^^^^^^^^^^^^^^^^^^^
    ...<7 lines>...
    )
    ^
  File "C:\Users\User\AppData\Local\Python\pythoncore-3.14-64\Lib\site-packages\telegram\request\_baserequest.py", line 375, in _request_wrapper
    raise exception
telegram.error.Conflict: Conflict: terminated by other getUpdates request; make sure that only one bot instance is running
2026-05-11 10:15:41,542 - INFO - HTTP Request: POST https://api.telegram.org/bot8763806870:AAF9ulkIJmeGxlRzDIl4ikWrPYlcKBhZZLk/getUpdates "HTTP/1.1 409 Conflict"
2026-05-11 10:15:41,543 - ERROR - No error handlers are registered, logging exception.
Traceback (most recent call last):
  File "C:\Users\User\AppData\Local\Python\pythoncore-3.14-64\Lib\site-packages\telegram\ext\_utils\networkloop.py", line 161, in network_retry_loop
    await do_action()
  File "C:\Users\User\AppData\Local\Python\pythoncore-3.14-64\Lib\site-packages\telegram\ext\_utils\networkloop.py", line 154, in do_action
    action_cb_task.result()
    ~~~~~~~~~~~~~~~~~~~~~^^
  File "C:\Users\User\AppData\Local\Python\pythoncore-3.14-64\Lib\site-packages\telegram\ext\_updater.py", line 340, in polling_action_cb
    updates = await self.bot.get_updates(
              ^^^^^^^^^^^^^^^^^^^^^^^^^^^
    ...<3 lines>...
    )
    ^
  File "C:\Users\User\AppData\Local\Python\pythoncore-3.14-64\Lib\site-packages\telegram\ext\_extbot.py", line 672, in get_updates
    updates = await super().get_updates(
              ^^^^^^^^^^^^^^^^^^^^^^^^^^
    ...<9 lines>...
    )
    ^
  File "C:\Users\User\AppData\Local\Python\pythoncore-3.14-64\Lib\site-packages\telegram\_bot.py", line 4865, in get_updates
    await self._post(
    ^^^^^^^^^^^^^^^^^
    ...<7 lines>...
    ),
    ^
  File "C:\Users\User\AppData\Local\Python\pythoncore-3.14-64\Lib\site-packages\telegram\_bot.py", line 704, in _post
    return await self._do_post(
           ^^^^^^^^^^^^^^^^^^^^
    ...<6 lines>...
    )
    ^
  File "C:\Users\User\AppData\Local\Python\pythoncore-3.14-64\Lib\site-packages\telegram\ext\_extbot.py", line 370, in _do_post
    return await super()._do_post(
           ^^^^^^^^^^^^^^^^^^^^^^^
    ...<6 lines>...
    )
    ^
  File "C:\Users\User\AppData\Local\Python\pythoncore-3.14-64\Lib\site-packages\telegram\_bot.py", line 733, in _do_post
    result = await request.post(
             ^^^^^^^^^^^^^^^^^^^
    ...<6 lines>...
    )
    ^
  File "C:\Users\User\AppData\Local\Python\pythoncore-3.14-64\Lib\site-packages\telegram\request\_baserequest.py", line 198, in post
    result = await self._request_wrapper(
             ^^^^^^^^^^^^^^^^^^^^^^^^^^^^
    ...<7 lines>...
    )
    ^
  File "C:\Users\User\AppData\Local\Python\pythoncore-3.14-64\Lib\site-packages\telegram\request\_baserequest.py", line 375, in _request_wrapper
    raise exception
telegram.error.Conflict: Conflict: terminated by other getUpdates request; make sure that only one bot instance is running
2026-05-11 10:16:16,253 - INFO - HTTP Request: POST https://api.telegram.org/bot8763806870:AAF9ulkIJmeGxlRzDIl4ikWrPYlcKBhZZLk/getUpdates "HTTP/1.1 409 Conflict"
2026-05-11 10:16:16,254 - ERROR - No error handlers are registered, logging exception.
Traceback (most recent call last):
  File "C:\Users\User\AppData\Local\Python\pythoncore-3.14-64\Lib\site-packages\telegram\ext\_utils\networkloop.py", line 161, in network_retry_loop
    await do_action()
  File "C:\Users\User\AppData\Local\Python\pythoncore-3.14-64\Lib\site-packages\telegram\ext\_utils\networkloop.py", line 154, in do_action
    action_cb_task.result()
    ~~~~~~~~~~~~~~~~~~~~~^^
  File "C:\Users\User\AppData\Local\Python\pythoncore-3.14-64\Lib\site-packages\telegram\ext\_updater.py", line 340, in polling_action_cb
    updates = await self.bot.get_updates(
              ^^^^^^^^^^^^^^^^^^^^^^^^^^^
    ...<3 lines>...
    )
    ^
  File "C:\Users\User\AppData\Local\Python\pythoncore-3.14-64\Lib\site-packages\telegram\ext\_extbot.py", line 672, in get_updates
    updates = await super().get_updates(
              ^^^^^^^^^^^^^^^^^^^^^^^^^^
    ...<9 lines>...
    )
    ^
  File "C:\Users\User\AppData\Local\Python\pythoncore-3.14-64\Lib\site-packages\telegram\_bot.py", line 4865, in get_updates
    await self._post(
    ^^^^^^^^^^^^^^^^^
    ...<7 lines>...
    ),
    ^
  File "C:\Users\User\AppData\Local\Python\pythoncore-3.14-64\Lib\site-packages\telegram\_bot.py", line 704, in _post
    return await self._do_post(
           ^^^^^^^^^^^^^^^^^^^^
    ...<6 lines>...
    )
    ^
  File "C:\Users\User\AppData\Local\Python\pythoncore-3.14-64\Lib\site-packages\telegram\ext\_extbot.py", line 370, in _do_post
    return await super()._do_post(
           ^^^^^^^^^^^^^^^^^^^^^^^
    ...<6 lines>...
    )
    ^
  File "C:\Users\User\AppData\Local\Python\pythoncore-3.14-64\Lib\site-packages\telegram\_bot.py", line 733, in _do_post
    result = await request.post(
             ^^^^^^^^^^^^^^^^^^^
    ...<6 lines>...
    )
    ^
  File "C:\Users\User\AppData\Local\Python\pythoncore-3.14-64\Lib\site-packages\telegram\request\_baserequest.py", line 198, in post
    result = await self._request_wrapper(
             ^^^^^^^^^^^^^^^^^^^^^^^^^^^^
    ...<7 lines>...
    )
    ^
  File "C:\Users\User\AppData\Local\Python\pythoncore-3.14-64\Lib\site-packages\telegram\request\_baserequest.py", line 375, in _request_wrapper
    raise exception
telegram.error.Conflict: Conflict: terminated by other getUpdates request; make sure that only one bot instance is running
2026-05-11 10:16:51,016 - INFO - HTTP Request: POST https://api.telegram.org/bot8763806870:AAF9ulkIJmeGxlRzDIl4ikWrPYlcKBhZZLk/getUpdates "HTTP/1.1 409 Conflict"
2026-05-11 10:16:51,017 - ERROR - No error handlers are registered, logging exception.
Traceback (most recent call last):
  File "C:\Users\User\AppData\Local\Python\pythoncore-3.14-64\Lib\site-packages\telegram\ext\_utils\networkloop.py", line 161, in network_retry_loop
    await do_action()
  File "C:\Users\User\AppData\Local\Python\pythoncore-3.14-64\Lib\site-packages\telegram\ext\_utils\networkloop.py", line 154, in do_action
    action_cb_task.result()
    ~~~~~~~~~~~~~~~~~~~~~^^
  File "C:\Users\User\AppData\Local\Python\pythoncore-3.14-64\Lib\site-packages\telegram\ext\_updater.py", line 340, in polling_action_cb
    updates = await self.bot.get_updates(
              ^^^^^^^^^^^^^^^^^^^^^^^^^^^
    ...<3 lines>...
    )
    ^
  File "C:\Users\User\AppData\Local\Python\pythoncore-3.14-64\Lib\site-packages\telegram\ext\_extbot.py", line 672, in get_updates
    updates = await super().get_updates(
              ^^^^^^^^^^^^^^^^^^^^^^^^^^
    ...<9 lines>...
    )
    ^
  File "C:\Users\User\AppData\Local\Python\pythoncore-3.14-64\Lib\site-packages\telegram\_bot.py", line 4865, in get_updates
    await self._post(
    ^^^^^^^^^^^^^^^^^
    ...<7 lines>...
    ),
    ^
  File "C:\Users\User\AppData\Local\Python\pythoncore-3.14-64\Lib\site-packages\telegram\_bot.py", line 704, in _post
    return await self._do_post(
           ^^^^^^^^^^^^^^^^^^^^
    ...<6 lines>...
    )
    ^
  File "C:\Users\User\AppData\Local\Python\pythoncore-3.14-64\Lib\site-packages\telegram\ext\_extbot.py", line 370, in _do_post
    return await super()._do_post(
           ^^^^^^^^^^^^^^^^^^^^^^^
    ...<6 lines>...
    )
    ^
  File "C:\Users\User\AppData\Local\Python\pythoncore-3.14-64\Lib\site-packages\telegram\_bot.py", line 733, in _do_post
    result = await request.post(
             ^^^^^^^^^^^^^^^^^^^
    ...<6 lines>...
    )
    ^
  File "C:\Users\User\AppData\Local\Python\pythoncore-3.14-64\Lib\site-packages\telegram\request\_baserequest.py", line 198, in post
    result = await self._request_wrapper(
             ^^^^^^^^^^^^^^^^^^^^^^^^^^^^
    ...<7 lines>...
    )
    ^
  File "C:\Users\User\AppData\Local\Python\pythoncore-3.14-64\Lib\site-packages\telegram\request\_baserequest.py", line 375, in _request_wrapper
    raise exception
telegram.error.Conflict: Conflict: terminated by other getUpdates request; make sure that only one bot instance is running
2026-05-11 10:17:25,797 - INFO - HTTP Request: POST https://api.telegram.org/bot8763806870:AAF9ulkIJmeGxlRzDIl4ikWrPYlcKBhZZLk/getUpdates "HTTP/1.1 409 Conflict"
2026-05-11 10:17:25,798 - ERROR - No error handlers are registered, logging exception.
Traceback (most recent call last):
  File "C:\Users\User\AppData\Local\Python\pythoncore-3.14-64\Lib\site-packages\telegram\ext\_utils\networkloop.py", line 161, in network_retry_loop
    await do_action()
  File "C:\Users\User\AppData\Local\Python\pythoncore-3.14-64\Lib\site-packages\telegram\ext\_utils\networkloop.py", line 154, in do_action
    action_cb_task.result()
    ~~~~~~~~~~~~~~~~~~~~~^^
  File "C:\Users\User\AppData\Local\Python\pythoncore-3.14-64\Lib\site-packages\telegram\ext\_updater.py", line 340, in polling_action_cb
    updates = await self.bot.get_updates(
              ^^^^^^^^^^^^^^^^^^^^^^^^^^^
    ...<3 lines>...
    )
    ^
  File "C:\Users\User\AppData\Local\Python\pythoncore-3.14-64\Lib\site-packages\telegram\ext\_extbot.py", line 672, in get_updates
    updates = await super().get_updates(
              ^^^^^^^^^^^^^^^^^^^^^^^^^^
    ...<9 lines>...
    )
    ^
  File "C:\Users\User\AppData\Local\Python\pythoncore-3.14-64\Lib\site-packages\telegram\_bot.py", line 4865, in get_updates
    await self._post(
    ^^^^^^^^^^^^^^^^^
    ...<7 lines>...
    ),
    ^
  File "C:\Users\User\AppData\Local\Python\pythoncore-3.14-64\Lib\site-packages\telegram\_bot.py", line 704, in _post
    return await self._do_post(
           ^^^^^^^^^^^^^^^^^^^^
    ...<6 lines>...
    )
    ^
  File "C:\Users\User\AppData\Local\Python\pythoncore-3.14-64\Lib\site-packages\telegram\ext\_extbot.py", line 370, in _do_post
    return await super()._do_post(
           ^^^^^^^^^^^^^^^^^^^^^^^
    ...<6 lines>...
    )
    ^
  File "C:\Users\User\AppData\Local\Python\pythoncore-3.14-64\Lib\site-packages\telegram\_bot.py", line 733, in _do_post
    result = await request.post(
             ^^^^^^^^^^^^^^^^^^^
    ...<6 lines>...
    )
    ^
  File "C:\Users\User\AppData\Local\Python\pythoncore-3.14-64\Lib\site-packages\telegram\request\_baserequest.py", line 198, in post
    result = await self._request_wrapper(
             ^^^^^^^^^^^^^^^^^^^^^^^^^^^^
    ...<7 lines>...
    )
    ^
  File "C:\Users\User\AppData\Local\Python\pythoncore-3.14-64\Lib\site-packages\telegram\request\_baserequest.py", line 375, in _request_wrapper
    raise exception
telegram.error.Conflict: Conflict: terminated by other getUpdates request; make sure that only one bot instance is running
2026-05-11 10:18:00,519 - INFO - HTTP Request: POST https://api.telegram.org/bot8763806870:AAF9ulkIJmeGxlRzDIl4ikWrPYlcKBhZZLk/getUpdates "HTTP/1.1 409 Conflict"
2026-05-11 10:18:00,520 - ERROR - No error handlers are registered, logging exception.
Traceback (most recent call last):
  File "C:\Users\User\AppData\Local\Python\pythoncore-3.14-64\Lib\site-packages\telegram\ext\_utils\networkloop.py", line 161, in network_retry_loop
    await do_action()
  File "C:\Users\User\AppData\Local\Python\pythoncore-3.14-64\Lib\site-packages\telegram\ext\_utils\networkloop.py", line 154, in do_action
    action_cb_task.result()
    ~~~~~~~~~~~~~~~~~~~~~^^
  File "C:\Users\User\AppData\Local\Python\pythoncore-3.14-64\Lib\site-packages\telegram\ext\_updater.py", line 340, in polling_action_cb
    updates = await self.bot.get_updates(
              ^^^^^^^^^^^^^^^^^^^^^^^^^^^
    ...<3 lines>...
    )
    ^
  File "C:\Users\User\AppData\Local\Python\pythoncore-3.14-64\Lib\site-packages\telegram\ext\_extbot.py", line 672, in get_updates
    updates = await super().get_updates(
              ^^^^^^^^^^^^^^^^^^^^^^^^^^
    ...<9 lines>...
    )
    ^
  File "C:\Users\User\AppData\Local\Python\pythoncore-3.14-64\Lib\site-packages\telegram\_bot.py", line 4865, in get_updates
    await self._post(
    ^^^^^^^^^^^^^^^^^
    ...<7 lines>...
    ),
    ^
  File "C:\Users\User\AppData\Local\Python\pythoncore-3.14-64\Lib\site-packages\telegram\_bot.py", line 704, in _post
    return await self._do_post(
           ^^^^^^^^^^^^^^^^^^^^
    ...<6 lines>...
    )
    ^
  File "C:\Users\User\AppData\Local\Python\pythoncore-3.14-64\Lib\site-packages\telegram\ext\_extbot.py", line 370, in _do_post
    return await super()._do_post(
           ^^^^^^^^^^^^^^^^^^^^^^^
    ...<6 lines>...
    )
    ^
  File "C:\Users\User\AppData\Local\Python\pythoncore-3.14-64\Lib\site-packages\telegram\_bot.py", line 733, in _do_post
    result = await request.post(
             ^^^^^^^^^^^^^^^^^^^
    ...<6 lines>...
    )
    ^
  File "C:\Users\User\AppData\Local\Python\pythoncore-3.14-64\Lib\site-packages\telegram\request\_baserequest.py", line 198, in post
    result = await self._request_wrapper(
             ^^^^^^^^^^^^^^^^^^^^^^^^^^^^
    ...<7 lines>...
    )
    ^
  File "C:\Users\User\AppData\Local\Python\pythoncore-3.14-64\Lib\site-packages\telegram\request\_baserequest.py", line 375, in _request_wrapper
    raise exception
telegram.error.Conflict: Conflict: terminated by other getUpdates request; make sure that only one bot instance is running
2026-05-11 10:18:19,430 - INFO - Database diinisialisasi.
2026-05-11 10:18:19,970 - INFO - Adding job tentatively -- it will be properly scheduled when the scheduler starts
2026-05-11 10:18:19,971 - INFO - Adding job tentatively -- it will be properly scheduled when the scheduler starts
2026-05-11 10:18:19,971 - INFO - Adding job tentatively -- it will be properly scheduled when the scheduler starts
2026-05-11 10:18:19,971 - INFO - IDX StockFlow Bot v2 aktif dan berjalan...
2026-05-11 10:18:19,971 - INFO - Auto scan dijadwalkan: 09:15 WIB
2026-05-11 10:18:20,621 - INFO - HTTP Request: POST https://api.telegram.org/bot8763806870:AAF9ulkIJmeGxlRzDIl4ikWrPYlcKBhZZLk/getMe "HTTP/1.1 200 OK"
2026-05-11 10:18:20,830 - INFO - HTTP Request: POST https://api.telegram.org/bot8763806870:AAF9ulkIJmeGxlRzDIl4ikWrPYlcKBhZZLk/deleteWebhook "HTTP/1.1 200 OK"
2026-05-11 10:18:20,833 - INFO - Added job "auto_scan_job" to job store "default"
2026-05-11 10:18:20,833 - INFO - Added job "check_alerts_job" to job store "default"
2026-05-11 10:18:20,833 - INFO - Added job "weekly_report_job" to job store "default"
2026-05-11 10:18:20,833 - INFO - Scheduler started
2026-05-11 10:18:20,834 - INFO - Application started
2026-05-11 10:18:25,639 - INFO - HTTP Request: POST https://api.telegram.org/bot8763806870:AAF9ulkIJmeGxlRzDIl4ikWrPYlcKBhZZLk/getUpdates "HTTP/1.1 409 Conflict"
2026-05-11 10:18:25,640 - ERROR - No error handlers are registered, logging exception.
Traceback (most recent call last):
  File "C:\Users\User\AppData\Local\Python\pythoncore-3.14-64\Lib\site-packages\telegram\ext\_utils\networkloop.py", line 161, in network_retry_loop
    await do_action()
  File "C:\Users\User\AppData\Local\Python\pythoncore-3.14-64\Lib\site-packages\telegram\ext\_utils\networkloop.py", line 154, in do_action
    action_cb_task.result()
    ~~~~~~~~~~~~~~~~~~~~~^^
  File "C:\Users\User\AppData\Local\Python\pythoncore-3.14-64\Lib\site-packages\telegram\ext\_updater.py", line 340, in polling_action_cb
    updates = await self.bot.get_updates(
              ^^^^^^^^^^^^^^^^^^^^^^^^^^^
    ...<3 lines>...
    )
    ^
  File "C:\Users\User\AppData\Local\Python\pythoncore-3.14-64\Lib\site-packages\telegram\ext\_extbot.py", line 672, in get_updates
    updates = await super().get_updates(
              ^^^^^^^^^^^^^^^^^^^^^^^^^^
    ...<9 lines>...
    )
    ^
  File "C:\Users\User\AppData\Local\Python\pythoncore-3.14-64\Lib\site-packages\telegram\_bot.py", line 4865, in get_updates
    await self._post(
    ^^^^^^^^^^^^^^^^^
    ...<7 lines>...
    ),
    ^
  File "C:\Users\User\AppData\Local\Python\pythoncore-3.14-64\Lib\site-packages\telegram\_bot.py", line 704, in _post
    return await self._do_post(
           ^^^^^^^^^^^^^^^^^^^^
    ...<6 lines>...
    )
    ^
  File "C:\Users\User\AppData\Local\Python\pythoncore-3.14-64\Lib\site-packages\telegram\ext\_extbot.py", line 370, in _do_post
    return await super()._do_post(
           ^^^^^^^^^^^^^^^^^^^^^^^
    ...<6 lines>...
    )
    ^
  File "C:\Users\User\AppData\Local\Python\pythoncore-3.14-64\Lib\site-packages\telegram\_bot.py", line 733, in _do_post
    result = await request.post(
             ^^^^^^^^^^^^^^^^^^^
    ...<6 lines>...
    )
    ^
  File "C:\Users\User\AppData\Local\Python\pythoncore-3.14-64\Lib\site-packages\telegram\request\_baserequest.py", line 198, in post
    result = await self._request_wrapper(
             ^^^^^^^^^^^^^^^^^^^^^^^^^^^^
    ...<7 lines>...
    )
    ^
  File "C:\Users\User\AppData\Local\Python\pythoncore-3.14-64\Lib\site-packages\telegram\request\_baserequest.py", line 375, in _request_wrapper
    raise exception
telegram.error.Conflict: Conflict: terminated by other getUpdates request; make sure that only one bot instance is running
2026-05-11 10:18:31,021 - INFO - HTTP Request: POST https://api.telegram.org/bot8763806870:AAF9ulkIJmeGxlRzDIl4ikWrPYlcKBhZZLk/getUpdates "HTTP/1.1 409 Conflict"
2026-05-11 10:18:31,022 - ERROR - No error handlers are registered, logging exception.
Traceback (most recent call last):
  File "C:\Users\User\AppData\Local\Python\pythoncore-3.14-64\Lib\site-packages\telegram\ext\_utils\networkloop.py", line 161, in network_retry_loop
    await do_action()
  File "C:\Users\User\AppData\Local\Python\pythoncore-3.14-64\Lib\site-packages\telegram\ext\_utils\networkloop.py", line 154, in do_action
    action_cb_task.result()
    ~~~~~~~~~~~~~~~~~~~~~^^
  File "C:\Users\User\AppData\Local\Python\pythoncore-3.14-64\Lib\site-packages\telegram\ext\_updater.py", line 340, in polling_action_cb
    updates = await self.bot.get_updates(
              ^^^^^^^^^^^^^^^^^^^^^^^^^^^
    ...<3 lines>...
    )
    ^
  File "C:\Users\User\AppData\Local\Python\pythoncore-3.14-64\Lib\site-packages\telegram\ext\_extbot.py", line 672, in get_updates
    updates = await super().get_updates(
              ^^^^^^^^^^^^^^^^^^^^^^^^^^
    ...<9 lines>...
    )
    ^
  File "C:\Users\User\AppData\Local\Python\pythoncore-3.14-64\Lib\site-packages\telegram\_bot.py", line 4865, in get_updates
    await self._post(
    ^^^^^^^^^^^^^^^^^
    ...<7 lines>...
    ),
    ^
  File "C:\Users\User\AppData\Local\Python\pythoncore-3.14-64\Lib\site-packages\telegram\_bot.py", line 704, in _post
    return await self._do_post(
           ^^^^^^^^^^^^^^^^^^^^
    ...<6 lines>...
    )
    ^
  File "C:\Users\User\AppData\Local\Python\pythoncore-3.14-64\Lib\site-packages\telegram\ext\_extbot.py", line 370, in _do_post
    return await super()._do_post(
           ^^^^^^^^^^^^^^^^^^^^^^^
    ...<6 lines>...
    )
    ^
  File "C:\Users\User\AppData\Local\Python\pythoncore-3.14-64\Lib\site-packages\telegram\_bot.py", line 733, in _do_post
    result = await request.post(
             ^^^^^^^^^^^^^^^^^^^
    ...<6 lines>...
    )
    ^
  File "C:\Users\User\AppData\Local\Python\pythoncore-3.14-64\Lib\site-packages\telegram\request\_baserequest.py", line 198, in post
    result = await self._request_wrapper(
             ^^^^^^^^^^^^^^^^^^^^^^^^^^^^
    ...<7 lines>...
    )
    ^
  File "C:\Users\User\AppData\Local\Python\pythoncore-3.14-64\Lib\site-packages\telegram\request\_baserequest.py", line 375, in _request_wrapper
    raise exception
telegram.error.Conflict: Conflict: terminated by other getUpdates request; make sure that only one bot instance is running
2026-05-11 10:18:37,435 - INFO - HTTP Request: POST https://api.telegram.org/bot8763806870:AAF9ulkIJmeGxlRzDIl4ikWrPYlcKBhZZLk/getUpdates "HTTP/1.1 409 Conflict"
2026-05-11 10:18:37,436 - ERROR - No error handlers are registered, logging exception.
Traceback (most recent call last):
  File "C:\Users\User\AppData\Local\Python\pythoncore-3.14-64\Lib\site-packages\telegram\ext\_utils\networkloop.py", line 161, in network_retry_loop
    await do_action()
  File "C:\Users\User\AppData\Local\Python\pythoncore-3.14-64\Lib\site-packages\telegram\ext\_utils\networkloop.py", line 154, in do_action
    action_cb_task.result()
    ~~~~~~~~~~~~~~~~~~~~~^^
  File "C:\Users\User\AppData\Local\Python\pythoncore-3.14-64\Lib\site-packages\telegram\ext\_updater.py", line 340, in polling_action_cb
    updates = await self.bot.get_updates(
              ^^^^^^^^^^^^^^^^^^^^^^^^^^^
    ...<3 lines>...
    )
    ^
  File "C:\Users\User\AppData\Local\Python\pythoncore-3.14-64\Lib\site-packages\telegram\ext\_extbot.py", line 672, in get_updates
    updates = await super().get_updates(
              ^^^^^^^^^^^^^^^^^^^^^^^^^^
    ...<9 lines>...
    )
    ^
  File "C:\Users\User\AppData\Local\Python\pythoncore-3.14-64\Lib\site-packages\telegram\_bot.py", line 4865, in get_updates
    await self._post(
    ^^^^^^^^^^^^^^^^^
    ...<7 lines>...
    ),
    ^
  File "C:\Users\User\AppData\Local\Python\pythoncore-3.14-64\Lib\site-packages\telegram\_bot.py", line 704, in _post
    return await self._do_post(
           ^^^^^^^^^^^^^^^^^^^^
    ...<6 lines>...
    )
    ^
  File "C:\Users\User\AppData\Local\Python\pythoncore-3.14-64\Lib\site-packages\telegram\ext\_extbot.py", line 370, in _do_post
    return await super()._do_post(
           ^^^^^^^^^^^^^^^^^^^^^^^
    ...<6 lines>...
    )
    ^
  File "C:\Users\User\AppData\Local\Python\pythoncore-3.14-64\Lib\site-packages\telegram\_bot.py", line 733, in _do_post
    result = await request.post(
             ^^^^^^^^^^^^^^^^^^^
    ...<6 lines>...
    )
    ^
  File "C:\Users\User\AppData\Local\Python\pythoncore-3.14-64\Lib\site-packages\telegram\request\_baserequest.py", line 198, in post
    result = await self._request_wrapper(
             ^^^^^^^^^^^^^^^^^^^^^^^^^^^^
    ...<7 lines>...
    )
    ^
  File "C:\Users\User\AppData\Local\Python\pythoncore-3.14-64\Lib\site-packages\telegram\request\_baserequest.py", line 375, in _request_wrapper
    raise exception
telegram.error.Conflict: Conflict: terminated by other getUpdates request; make sure that only one bot instance is running
2026-05-11 10:18:45,313 - INFO - HTTP Request: POST https://api.telegram.org/bot8763806870:AAF9ulkIJmeGxlRzDIl4ikWrPYlcKBhZZLk/getUpdates "HTTP/1.1 409 Conflict"
2026-05-11 10:18:45,315 - ERROR - No error handlers are registered, logging exception.
Traceback (most recent call last):
  File "C:\Users\User\AppData\Local\Python\pythoncore-3.14-64\Lib\site-packages\telegram\ext\_utils\networkloop.py", line 161, in network_retry_loop
    await do_action()
  File "C:\Users\User\AppData\Local\Python\pythoncore-3.14-64\Lib\site-packages\telegram\ext\_utils\networkloop.py", line 154, in do_action
    action_cb_task.result()
    ~~~~~~~~~~~~~~~~~~~~~^^
  File "C:\Users\User\AppData\Local\Python\pythoncore-3.14-64\Lib\site-packages\telegram\ext\_updater.py", line 340, in polling_action_cb
    updates = await self.bot.get_updates(
              ^^^^^^^^^^^^^^^^^^^^^^^^^^^
    ...<3 lines>...
    )
    ^
  File "C:\Users\User\AppData\Local\Python\pythoncore-3.14-64\Lib\site-packages\telegram\ext\_extbot.py", line 672, in get_updates
    updates = await super().get_updates(
              ^^^^^^^^^^^^^^^^^^^^^^^^^^
    ...<9 lines>...
    )
    ^
  File "C:\Users\User\AppData\Local\Python\pythoncore-3.14-64\Lib\site-packages\telegram\_bot.py", line 4865, in get_updates
    await self._post(
    ^^^^^^^^^^^^^^^^^
    ...<7 lines>...
    ),
    ^
  File "C:\Users\User\AppData\Local\Python\pythoncore-3.14-64\Lib\site-packages\telegram\_bot.py", line 704, in _post
    return await self._do_post(
           ^^^^^^^^^^^^^^^^^^^^
    ...<6 lines>...
    )
    ^
  File "C:\Users\User\AppData\Local\Python\pythoncore-3.14-64\Lib\site-packages\telegram\ext\_extbot.py", line 370, in _do_post
    return await super()._do_post(
           ^^^^^^^^^^^^^^^^^^^^^^^
    ...<6 lines>...
    )
    ^
  File "C:\Users\User\AppData\Local\Python\pythoncore-3.14-64\Lib\site-packages\telegram\_bot.py", line 733, in _do_post
    result = await request.post(
             ^^^^^^^^^^^^^^^^^^^
    ...<6 lines>...
    )
    ^
  File "C:\Users\User\AppData\Local\Python\pythoncore-3.14-64\Lib\site-packages\telegram\request\_baserequest.py", line 198, in post
    result = await self._request_wrapper(
             ^^^^^^^^^^^^^^^^^^^^^^^^^^^^
    ...<7 lines>...
    )
    ^
  File "C:\Users\User\AppData\Local\Python\pythoncore-3.14-64\Lib\site-packages\telegram\request\_baserequest.py", line 375, in _request_wrapper
    raise exception
telegram.error.Conflict: Conflict: terminated by other getUpdates request; make sure that only one bot instance is running
2026-05-11 10:18:52,448 - INFO - HTTP Request: POST https://api.telegram.org/bot8763806870:AAF9ulkIJmeGxlRzDIl4ikWrPYlcKBhZZLk/getUpdates "HTTP/1.1 409 Conflict"
2026-05-11 10:18:52,449 - ERROR - No error handlers are registered, logging exception.
Traceback (most recent call last):
  File "C:\Users\User\AppData\Local\Python\pythoncore-3.14-64\Lib\site-packages\telegram\ext\_utils\networkloop.py", line 161, in network_retry_loop
    await do_action()
  File "C:\Users\User\AppData\Local\Python\pythoncore-3.14-64\Lib\site-packages\telegram\ext\_utils\networkloop.py", line 154, in do_action
    action_cb_task.result()
    ~~~~~~~~~~~~~~~~~~~~~^^
  File "C:\Users\User\AppData\Local\Python\pythoncore-3.14-64\Lib\site-packages\telegram\ext\_updater.py", line 340, in polling_action_cb
    updates = await self.bot.get_updates(
              ^^^^^^^^^^^^^^^^^^^^^^^^^^^
    ...<3 lines>...
    )
    ^
  File "C:\Users\User\AppData\Local\Python\pythoncore-3.14-64\Lib\site-packages\telegram\ext\_extbot.py", line 672, in get_updates
    updates = await super().get_updates(
              ^^^^^^^^^^^^^^^^^^^^^^^^^^
    ...<9 lines>...
    )
    ^
  File "C:\Users\User\AppData\Local\Python\pythoncore-3.14-64\Lib\site-packages\telegram\_bot.py", line 4865, in get_updates
    await self._post(
    ^^^^^^^^^^^^^^^^^
    ...<7 lines>...
    ),
    ^
  File "C:\Users\User\AppData\Local\Python\pythoncore-3.14-64\Lib\site-packages\telegram\_bot.py", line 704, in _post
    return await self._do_post(
           ^^^^^^^^^^^^^^^^^^^^
    ...<6 lines>...
    )
    ^
  File "C:\Users\User\AppData\Local\Python\pythoncore-3.14-64\Lib\site-packages\telegram\ext\_extbot.py", line 370, in _do_post
    return await super()._do_post(
           ^^^^^^^^^^^^^^^^^^^^^^^
    ...<6 lines>...
    )
    ^
  File "C:\Users\User\AppData\Local\Python\pythoncore-3.14-64\Lib\site-packages\telegram\_bot.py", line 733, in _do_post
    result = await request.post(
             ^^^^^^^^^^^^^^^^^^^
    ...<6 lines>...
    )
    ^
  File "C:\Users\User\AppData\Local\Python\pythoncore-3.14-64\Lib\site-packages\telegram\request\_baserequest.py", line 198, in post
    result = await self._request_wrapper(
             ^^^^^^^^^^^^^^^^^^^^^^^^^^^^
    ...<7 lines>...
    )
    ^
  File "C:\Users\User\AppData\Local\Python\pythoncore-3.14-64\Lib\site-packages\telegram\request\_baserequest.py", line 375, in _request_wrapper
    raise exception
telegram.error.Conflict: Conflict: terminated by other getUpdates request; make sure that only one bot instance is running
2026-05-11 10:19:03,558 - INFO - HTTP Request: POST https://api.telegram.org/bot8763806870:AAF9ulkIJmeGxlRzDIl4ikWrPYlcKBhZZLk/getUpdates "HTTP/1.1 409 Conflict"
2026-05-11 10:19:03,560 - ERROR - No error handlers are registered, logging exception.
Traceback (most recent call last):
  File "C:\Users\User\AppData\Local\Python\pythoncore-3.14-64\Lib\site-packages\telegram\ext\_utils\networkloop.py", line 161, in network_retry_loop
    await do_action()
  File "C:\Users\User\AppData\Local\Python\pythoncore-3.14-64\Lib\site-packages\telegram\ext\_utils\networkloop.py", line 154, in do_action
    action_cb_task.result()
    ~~~~~~~~~~~~~~~~~~~~~^^
  File "C:\Users\User\AppData\Local\Python\pythoncore-3.14-64\Lib\site-packages\telegram\ext\_updater.py", line 340, in polling_action_cb
    updates = await self.bot.get_updates(
              ^^^^^^^^^^^^^^^^^^^^^^^^^^^
    ...<3 lines>...
    )
    ^
  File "C:\Users\User\AppData\Local\Python\pythoncore-3.14-64\Lib\site-packages\telegram\ext\_extbot.py", line 672, in get_updates
    updates = await super().get_updates(
              ^^^^^^^^^^^^^^^^^^^^^^^^^^
    ...<9 lines>...
    )
    ^
  File "C:\Users\User\AppData\Local\Python\pythoncore-3.14-64\Lib\site-packages\telegram\_bot.py", line 4865, in get_updates
    await self._post(
    ^^^^^^^^^^^^^^^^^
    ...<7 lines>...
    ),
    ^
  File "C:\Users\User\AppData\Local\Python\pythoncore-3.14-64\Lib\site-packages\telegram\_bot.py", line 704, in _post
    return await self._do_post(
           ^^^^^^^^^^^^^^^^^^^^
    ...<6 lines>...
    )
    ^
  File "C:\Users\User\AppData\Local\Python\pythoncore-3.14-64\Lib\site-packages\telegram\ext\_extbot.py", line 370, in _do_post
    return await super()._do_post(
           ^^^^^^^^^^^^^^^^^^^^^^^
    ...<6 lines>...
    )
    ^
  File "C:\Users\User\AppData\Local\Python\pythoncore-3.14-64\Lib\site-packages\telegram\_bot.py", line 733, in _do_post
    result = await request.post(
             ^^^^^^^^^^^^^^^^^^^
    ...<6 lines>...
    )
    ^
  File "C:\Users\User\AppData\Local\Python\pythoncore-3.14-64\Lib\site-packages\telegram\request\_baserequest.py", line 198, in post
    result = await self._request_wrapper(
             ^^^^^^^^^^^^^^^^^^^^^^^^^^^^
    ...<7 lines>...
    )
    ^
  File "C:\Users\User\AppData\Local\Python\pythoncore-3.14-64\Lib\site-packages\telegram\request\_baserequest.py", line 375, in _request_wrapper
    raise exception
telegram.error.Conflict: Conflict: terminated by other getUpdates request; make sure that only one bot instance is running
2026-05-11 10:19:16,435 - INFO - HTTP Request: POST https://api.telegram.org/bot8763806870:AAF9ulkIJmeGxlRzDIl4ikWrPYlcKBhZZLk/getUpdates "HTTP/1.1 409 Conflict"
2026-05-11 10:19:16,436 - ERROR - No error handlers are registered, logging exception.
Traceback (most recent call last):
  File "C:\Users\User\AppData\Local\Python\pythoncore-3.14-64\Lib\site-packages\telegram\ext\_utils\networkloop.py", line 161, in network_retry_loop
    await do_action()
  File "C:\Users\User\AppData\Local\Python\pythoncore-3.14-64\Lib\site-packages\telegram\ext\_utils\networkloop.py", line 154, in do_action
    action_cb_task.result()
    ~~~~~~~~~~~~~~~~~~~~~^^
  File "C:\Users\User\AppData\Local\Python\pythoncore-3.14-64\Lib\site-packages\telegram\ext\_updater.py", line 340, in polling_action_cb
    updates = await self.bot.get_updates(
              ^^^^^^^^^^^^^^^^^^^^^^^^^^^
    ...<3 lines>...
    )
    ^
  File "C:\Users\User\AppData\Local\Python\pythoncore-3.14-64\Lib\site-packages\telegram\ext\_extbot.py", line 672, in get_updates
    updates = await super().get_updates(
              ^^^^^^^^^^^^^^^^^^^^^^^^^^
    ...<9 lines>...
    )
    ^
  File "C:\Users\User\AppData\Local\Python\pythoncore-3.14-64\Lib\site-packages\telegram\_bot.py", line 4865, in get_updates
    await self._post(
    ^^^^^^^^^^^^^^^^^
    ...<7 lines>...
    ),
    ^
  File "C:\Users\User\AppData\Local\Python\pythoncore-3.14-64\Lib\site-packages\telegram\_bot.py", line 704, in _post
    return await self._do_post(
           ^^^^^^^^^^^^^^^^^^^^
    ...<6 lines>...
    )
    ^
  File "C:\Users\User\AppData\Local\Python\pythoncore-3.14-64\Lib\site-packages\telegram\ext\_extbot.py", line 370, in _do_post
    return await super()._do_post(
           ^^^^^^^^^^^^^^^^^^^^^^^
    ...<6 lines>...
    )
    ^
  File "C:\Users\User\AppData\Local\Python\pythoncore-3.14-64\Lib\site-packages\telegram\_bot.py", line 733, in _do_post
    result = await request.post(
             ^^^^^^^^^^^^^^^^^^^
    ...<6 lines>...
    )
    ^
  File "C:\Users\User\AppData\Local\Python\pythoncore-3.14-64\Lib\site-packages\telegram\request\_baserequest.py", line 198, in post
    result = await self._request_wrapper(
             ^^^^^^^^^^^^^^^^^^^^^^^^^^^^
    ...<7 lines>...
    )
    ^
  File "C:\Users\User\AppData\Local\Python\pythoncore-3.14-64\Lib\site-packages\telegram\request\_baserequest.py", line 375, in _request_wrapper
    raise exception
telegram.error.Conflict: Conflict: terminated by other getUpdates request; make sure that only one bot instance is running
2026-05-11 10:19:19,972 - INFO - Running job "check_alerts_job (trigger: interval[0:15:00], next run at: 2026-05-11 03:34:19 UTC)" (scheduled at 2026-05-11 03:19:19.970893+00:00)
2026-05-11 10:19:19,973 - INFO - Job "check_alerts_job (trigger: interval[0:15:00], next run at: 2026-05-11 03:34:19 UTC)" executed successfully
2026-05-11 10:19:33,008 - INFO - HTTP Request: POST https://api.telegram.org/bot8763806870:AAF9ulkIJmeGxlRzDIl4ikWrPYlcKBhZZLk/getUpdates "HTTP/1.1 409 Conflict"
2026-05-11 10:19:33,009 - ERROR - No error handlers are registered, logging exception.
Traceback (most recent call last):
  File "C:\Users\User\AppData\Local\Python\pythoncore-3.14-64\Lib\site-packages\telegram\ext\_utils\networkloop.py", line 161, in network_retry_loop
    await do_action()
  File "C:\Users\User\AppData\Local\Python\pythoncore-3.14-64\Lib\site-packages\telegram\ext\_utils\networkloop.py", line 154, in do_action
    action_cb_task.result()
    ~~~~~~~~~~~~~~~~~~~~~^^
  File "C:\Users\User\AppData\Local\Python\pythoncore-3.14-64\Lib\site-packages\telegram\ext\_updater.py", line 340, in polling_action_cb
    updates = await self.bot.get_updates(
              ^^^^^^^^^^^^^^^^^^^^^^^^^^^
    ...<3 lines>...
    )
    ^
  File "C:\Users\User\AppData\Local\Python\pythoncore-3.14-64\Lib\site-packages\telegram\ext\_extbot.py", line 672, in get_updates
    updates = await super().get_updates(
              ^^^^^^^^^^^^^^^^^^^^^^^^^^
    ...<9 lines>...
    )
    ^
  File "C:\Users\User\AppData\Local\Python\pythoncore-3.14-64\Lib\site-packages\telegram\_bot.py", line 4865, in get_updates
    await self._post(
    ^^^^^^^^^^^^^^^^^
    ...<7 lines>...
    ),
    ^
  File "C:\Users\User\AppData\Local\Python\pythoncore-3.14-64\Lib\site-packages\telegram\_bot.py", line 704, in _post
    return await self._do_post(
           ^^^^^^^^^^^^^^^^^^^^
    ...<6 lines>...
    )
    ^
  File "C:\Users\User\AppData\Local\Python\pythoncore-3.14-64\Lib\site-packages\telegram\ext\_extbot.py", line 370, in _do_post
    return await super()._do_post(
           ^^^^^^^^^^^^^^^^^^^^^^^
    ...<6 lines>...
    )
    ^
  File "C:\Users\User\AppData\Local\Python\pythoncore-3.14-64\Lib\site-packages\telegram\_bot.py", line 733, in _do_post
    result = await request.post(
             ^^^^^^^^^^^^^^^^^^^
    ...<6 lines>...
    )
    ^
  File "C:\Users\User\AppData\Local\Python\pythoncore-3.14-64\Lib\site-packages\telegram\request\_baserequest.py", line 198, in post
    result = await self._request_wrapper(
             ^^^^^^^^^^^^^^^^^^^^^^^^^^^^
    ...<7 lines>...
    )
    ^
  File "C:\Users\User\AppData\Local\Python\pythoncore-3.14-64\Lib\site-packages\telegram\request\_baserequest.py", line 375, in _request_wrapper
    raise exception
telegram.error.Conflict: Conflict: terminated by other getUpdates request; make sure that only one bot instance is running
2026-05-11 10:19:54,873 - INFO - HTTP Request: POST https://api.telegram.org/bot8763806870:AAF9ulkIJmeGxlRzDIl4ikWrPYlcKBhZZLk/getUpdates "HTTP/1.1 409 Conflict"
2026-05-11 10:19:54,874 - ERROR - No error handlers are registered, logging exception.
Traceback (most recent call last):
  File "C:\Users\User\AppData\Local\Python\pythoncore-3.14-64\Lib\site-packages\telegram\ext\_utils\networkloop.py", line 161, in network_retry_loop
    await do_action()
  File "C:\Users\User\AppData\Local\Python\pythoncore-3.14-64\Lib\site-packages\telegram\ext\_utils\networkloop.py", line 154, in do_action
    action_cb_task.result()
    ~~~~~~~~~~~~~~~~~~~~~^^
  File "C:\Users\User\AppData\Local\Python\pythoncore-3.14-64\Lib\site-packages\telegram\ext\_updater.py", line 340, in polling_action_cb
    updates = await self.bot.get_updates(
              ^^^^^^^^^^^^^^^^^^^^^^^^^^^
    ...<3 lines>...
    )
    ^
  File "C:\Users\User\AppData\Local\Python\pythoncore-3.14-64\Lib\site-packages\telegram\ext\_extbot.py", line 672, in get_updates
    updates = await super().get_updates(
              ^^^^^^^^^^^^^^^^^^^^^^^^^^
    ...<9 lines>...
    )
    ^
  File "C:\Users\User\AppData\Local\Python\pythoncore-3.14-64\Lib\site-packages\telegram\_bot.py", line 4865, in get_updates
    await self._post(
    ^^^^^^^^^^^^^^^^^
    ...<7 lines>...
    ),
    ^
  File "C:\Users\User\AppData\Local\Python\pythoncore-3.14-64\Lib\site-packages\telegram\_bot.py", line 704, in _post
    return await self._do_post(
           ^^^^^^^^^^^^^^^^^^^^
    ...<6 lines>...
    )
    ^
  File "C:\Users\User\AppData\Local\Python\pythoncore-3.14-64\Lib\site-packages\telegram\ext\_extbot.py", line 370, in _do_post
    return await super()._do_post(
           ^^^^^^^^^^^^^^^^^^^^^^^
    ...<6 lines>...
    )
    ^
  File "C:\Users\User\AppData\Local\Python\pythoncore-3.14-64\Lib\site-packages\telegram\_bot.py", line 733, in _do_post
    result = await request.post(
             ^^^^^^^^^^^^^^^^^^^
    ...<6 lines>...
    )
    ^
  File "C:\Users\User\AppData\Local\Python\pythoncore-3.14-64\Lib\site-packages\telegram\request\_baserequest.py", line 198, in post
    result = await self._request_wrapper(
             ^^^^^^^^^^^^^^^^^^^^^^^^^^^^
    ...<7 lines>...
    )
    ^
  File "C:\Users\User\AppData\Local\Python\pythoncore-3.14-64\Lib\site-packages\telegram\request\_baserequest.py", line 375, in _request_wrapper
    raise exception
telegram.error.Conflict: Conflict: terminated by other getUpdates request; make sure that only one bot instance is running
